url,city,price,price_per_sqm,description,district_name,street_address,area_m2,upload_date,transaction_type
https://livo.ge/udzravi-qoneba/iyideba-bina/iyideba-2-otaxiani-bina-varketilshi-21821316,თბილისი,61812.0,1020.0,იყიდება 2 ოთახიანი ბინა ვარკეთილში,არ არის მოწოდებული,ვარკეთილის მასივი III - IV კვარტ. 2,60.6,2025-07-13 18:49,იყიდება
https://livo.ge/udzravi-qoneba/iyideba-bina/iyideba-3-otaxiani-bina-saburtaloze-21820990,თბილისი,172000.0,2507.0,იყიდება 3 ოთახიანი ბინა საბურთალოზე,არ არის მოწოდებული,პოლიტკოვსკაია ა. ქ. (ჯიქია) 3,68.6,2025-07-13 17:29,იყიდება
https://livo.ge/udzravi-qoneba/qiravdeba-bina/qiravdeba-2-otaxiani-bina-vakeshi-21820565,თბილისი,900.0,14.0,ქირავდება 2 ოთახიანი ბინა ვაკეში,არ არის მოწოდებული,ჭავჭავაძე ი. გამზირი,65.0,2025-07-13 16:20,ქირავდება თვიურად
https://livo.ge/udzravi-qoneba/iyideba-bina/iyideba-1-otaxiani-bina-varketilshi-21820351,თბილისი,44000.0,1257.0,იყიდება 1 ოთახიანი ბინა ვარკეთილში,არ არის მოწოდებული,კალოუბნის ქ. 56,35.0,2025-07-13 15:44,იყიდება
https://livo.ge/udzravi-qoneba/iyideba-bina/iyideba-3-otaxiani-bina-sof-dighomshi-21820157,თბილისი,170000.0,1428.0,იყიდება 3 ოთახიანი ბინა სოფ. დიღომში,არ არის მოწოდებული,ვაჟა-ფშაველას I შესახვევი 32,119.06,2025-07-13 15:11,იყიდება
https://livo.ge/udzravi-qoneba/qiravdeba-bina/qiravdeba-2-otaxiani-bina-ortachalashi-21605118,თბილისი,550.0,10.0,ქირავდება 2 ოთახიანი ბინა ორთაჭალაში,არ არის მოწოდებული,კალანდაძე ბ. ქ. 15,55.0,2025-07-13 13:20,ქირავდება თვიურად
https://livo.ge/udzravi-qoneba/qiravdeba-bina/qiravdeba-2-otaxiani-bina-nadzaladevshi-21819281,თბილისი,400.0,9.0,ქირავდება 2 ოთახიანი ბინა ნაძალადევში,არ არის მოწოდებული,"დავით გურამიშვილის გამზირი #25-33, 50-84 78",45.0,2025-07-13 12:11,ქირავდება თვიურად
https://livo.ge/udzravi-qoneba/iyideba-bina/iyideba-2-otaxiani-bina-gldanshi-21818491,თბილისი,76000.0,1456.0,იყიდება 2 ოთახიანი ბინა გლდანში,არ არის მოწოდებული,ქერჩის ქ. 6,52.2,2025-07-12 22:17,იყიდება
https://livo.ge/udzravi-qoneba/qiravdeba-bina/qiravdeba-2-otaxiani-bina-did-dighomshi-21818487,თბილისი,600.0,10.0,ქირავდება 2 ოთახიანი ბინა დიდ დიღომში,არ არის მოწოდებული,მირიან მეფის ქ. 5,60.0,2025-07-12 22:15,ქირავდება თვიურად
https://livo.ge/udzravi-qoneba/qiravdebadghiurad-bina/qiravdeba-dghiurad-1-otaxiani-bina-gldanshi-21818387,თბილისი,29.0,1.0,ქირავდება დღიურად 1 ოთახიანი ბინა გლდანში,არ არის მოწოდებული,ხიზაბავრას ქ. 3,40.0,2025-07-12 21:28,ქირავდება დღიურად
https://livo.ge/udzravi-qoneba/iyideba-bina/iyideba-3-otaxiani-bina-mtawmindaze-21818274,თბილისი,340000.0,4000.0,იყიდება 3 ოთახიანი ბინა მთაწმინდაზე,არ არის მოწოდებული,ინგოროყვა პ. ქ. 19,85.0,2025-07-12 20:43,იყიდება
https://livo.ge/udzravi-qoneba/qiravdeba-bina/qiravdeba-3-otaxiani-bina-mtawmindaze-21818224,თბილისი,1400.0,16.0,ქირავდება 3 ოთახიანი ბინა მთაწმინდაზე,არ არის მოწოდებული,ინგოროყვა პ. ქ. 19,90.0,2025-07-12 20:32,ქირავდება თვიურად
https://livo.ge/udzravi-qoneba/iyideba-bina/iyideba-2-otaxiani-bina-saburtaloze-21817957,თბილისი,95000.0,1900.0,იყიდება 2 ოთახიანი ბინა საბურთალოზე,არ არის მოწოდებული,ლორთქიფანიძე ო. ქ.,50.0,2025-07-12 18:46,იყიდება
https://livo.ge/udzravi-qoneba/iyideba-bina/iyideba-3-otaxiani-bina-vakeshi-21817315,თბილისი,210000.0,2625.0,იყიდება 3 ოთახიანი ბინა ვაკეში,არ არის მოწოდებული,ყიფშიძე ნ. ქ. 11,80.0,2025-07-12 17:14,იყიდება
https://livo.ge/udzravi-qoneba/qiravdebadghiurad-bina/qiravdeba-dghiurad-2-otaxiani-bina-nadzaladevshi-19514916,თბილისი,26.0,1.0,ქირავდება დღიურად 2 ოთახიანი ბინა ნაძალადევში,არ არის მოწოდებული,ჭყონდიდელის ქ. 109,50.0,2025-07-12 16:32,ქირავდება დღიურად
https://livo.ge/udzravi-qoneba/qiravdeba-bina/qiravdeba-2-otaxiani-bina-vashlijvarshi-21815679,თბილისი,400.0,6.0,ქირავდება 2 ოთახიანი ბინა ვაშლიჯვარში,არ არის მოწოდებული,მაჭავარიანი მ. ქ. 20,69.0,2025-07-12 14:39,ქირავდება თვიურად
https://livo.ge/udzravi-qoneba/qiravdeba-bina/qiravdeba-2-otaxiani-bina-saburtaloze-21815642,თბილისი,750.0,14.0,ქირავდება 2 ოთახიანი ბინა საბურთალოზე,არ არის მოწოდებული,უნივერსიტეტის ქ.,55.0,2025-07-12 14:35,ქირავდება თვიურად
https://livo.ge/udzravi-qoneba/qiravdeba-bina/qiravdeba-1-otaxiani-bina-veraze-21813417,თბილისი,350.0,19.0,ქირავდება 1 ოთახიანი ბინა ვერაზე,არ არის მოწოდებული,ბაქრაძე დიმ. ქ. 15,18.0,2025-07-12 00:12,ქირავდება თვიურად
https://livo.ge/udzravi-qoneba/qiravdeba-bina/qiravdeba-3-otaxiani-bina-isanshi-21813356,თბილისი,600.0,6.0,ქირავდება 3 ოთახიანი ბინა ისანში,არ არის მოწოდებული,shota nadirashvili,100.0,2025-07-11 23:24,ქირავდება თვიურად
https://livo.ge/udzravi-qoneba/qiravdeba-bina/qiravdeba-1-otaxiani-bina-nadzaladevshi-21813257,თბილისი,350.0,19.0,ქირავდება 1 ოთახიანი ბინა ნაძალადევში,არ არის მოწოდებული,სააკაძე გ. ქ. 71,18.0,2025-07-11 22:07,ქირავდება თვიურად
https://livo.ge/udzravi-qoneba/qiravdeba-bina/qiravdeba-1-otaxiani-bina-nadzaladevshi-21813227,თბილისი,350.0,18.0,ქირავდება 1 ოთახიანი ბინა ნაძალადევში,არ არის მოწოდებული,სააკაძე გ. ქ. 71,20.0,2025-07-11 21:46,ქირავდება თვიურად
https://livo.ge/udzravi-qoneba/qiravdeba-bina/qiravdeba-3-otaxiani-bina-saburtaloze-21813014,თბილისი,600.0,5.0,ქირავდება 3 ოთახიანი ბინა საბურთალოზე,არ არის მოწოდებული,პოლიტკოვსკაია ა. ქ. (ჯიქია) 8,130.0,2025-07-11 20:08,ქირავდება თვიურად
https://livo.ge/udzravi-qoneba/iyideba-bina/iyideba-3-otaxiani-bina-lisze-21812075,თბილისი,92000.0,1449.0,იყიდება 3 ოთახიანი ბინა ლისზე,არ არის მოწოდებული,ვარაზი ა. ქ. 22,63.49,2025-07-11 18:16,იყიდება
https://livo.ge/udzravi-qoneba/iyideba-bina/iyideba-3-otaxiani-bina-saburtaloze-21810031,თბილისი,121000.0,1440.0,იყიდება 3 ოთახიანი ბინა საბურთალოზე,არ არის მოწოდებული,მიცკევიჩი ა. ქ. 6,84.0,2025-07-11 16:43,იყიდება
https://livo.ge/udzravi-qoneba/iyideba-bina/iyideba-1-otaxiani-bina-navtlughshi-21809758,თბილისი,60000.0,1846.0,იყიდება 1 ოთახიანი ბინა ნავთლუღში,არ არის მოწოდებული,ბოგდან ხმელნიცკის ქუჩა 55,32.5,2025-07-11 16:31,იყიდება
https://livo.ge/udzravi-qoneba/iyideba-bina/iyideba-2-otaxiani-bina-did-dighomshi-21809193,თბილისი,100000.0,1513.0,იყიდება 2 ოთახიანი ბინა დიდ დიღომში,არ არის მოწოდებული,გრიგოლ ჩხიკვაძის ქუჩა 3,66.1,2025-07-11 16:06,იყიდება
https://livo.ge/udzravi-qoneba/iyideba-bina/iyideba-2-otaxiani-bina-san-zonashi-21808706,თბილისი,170000.0,1030.0,იყიდება 2 ოთახიანი ბინა სან. ზონაში,არ არის მოწოდებული,ერწოს ქ. 10,165.0,2025-07-11 15:45,იყიდება
https://livo.ge/udzravi-qoneba/iyideba-bina/iyideba-4-otaxiani-bina-varketilshi-21808343,თბილისი,129600.0,1200.0,იყიდება 4 ოთახიანი ბინა ვარკეთილში,არ არის მოწოდებული,დვალის ქ. 3,108.0,2025-07-11 15:29,იყიდება
https://livo.ge/udzravi-qoneba/iyideba-bina/iyideba-4-otaxiani-bina-ortachalashi-21545945,თბილისი,165000.0,1435.0,იყიდება 4 ოთახიანი ბინა ორთაჭალაში,არ არის მოწოდებული,ლაისტი ა. ქ. 9,115.0,2025-07-11 14:19,იყიდება
https://livo.ge/udzravi-qoneba/iyideba-bina/iyideba-2-otaxiani-bina-saburtaloze-21805092,თბილისი,104000.0,1625.0,იყიდება 2 ოთახიანი ბინა საბურთალოზე,არ არის მოწოდებული,იყალთოს ქ.,64.0,2025-07-11 12:28,იყიდება
https://livo.ge/udzravi-qoneba/qiravdebadghiurad-bina/qiravdeba-dghiurad-2-otaxiani-bina-gldanshi-321212,თბილისი,15.0,0.0,ქირავდება დღიურად 2 ოთახიანი ბინა გლდანში,არ არის მოწოდებული,გლდანი - ა მ/რ,55.0,2025-07-11 11:50,ქირავდება დღიურად
https://livo.ge/udzravi-qoneba/qiravdeba-bina/qiravdeba-2-otaxiani-bina-isanshi-21204438,თბილისი,479.0,9.0,ქირავდება 2 ოთახიანი ბინა ისანში,არ არის მოწოდებული,ნადირაშვილი შ. ქ. 21,55.0,2025-07-11 11:42,ქირავდება თვიურად
https://livo.ge/udzravi-qoneba/qiravdeba-bina/qiravdeba-2-otaxiani-bina-vakeshi-21804282,თბილისი,850.0,14.0,ქირავდება 2 ოთახიანი ბინა ვაკეში,არ არის მოწოდებული,ატენის ქ. 16ა,60.0,2025-07-11 11:40,ქირავდება თვიურად
https://livo.ge/udzravi-qoneba/qiravdebadghiurad-bina/qiravdeba-dghiurad-2-otaxiani-bina-muxianshi-19115372,თბილისი,29.0,1.0,ქირავდება დღიურად 2 ოთახიანი ბინა მუხიანში,არ არის მოწოდებული,გობრონიძე ა. ქ. 11,45.0,2025-07-10 22:37,ქირავდება დღიურად
https://livo.ge/udzravi-qoneba/qiravdeba-bina/qiravdeba-4-otaxiani-bina-did-dighomshi-21803329,თბილისი,552.0,5.0,ქირავდება 4 ოთახიანი ბინა დიდ დიღომში,არ არის მოწოდებული,გიორგი ბრწყინვალეს ქ. 35,120.0,2025-07-10 22:14,ქირავდება თვიურად
https://livo.ge/udzravi-qoneba/qiravdeba-bina/qiravdeba-4-otaxiani-bina-kaklebshi-21801016,თბილისი,1300.0,8.0,ქირავდება 4 ოთახიანი ბინა კაკლებში,არ არის მოწოდებული,კაკლების ქ.,170.0,2025-07-10 17:24,ქირავდება თვიურად
https://livo.ge/udzravi-qoneba/qiravdeba-bina/qiravdeba-3-otaxiani-bina-saburtaloze-21799826,თბილისი,600.0,8.0,ქირავდება 3 ოთახიანი ბინა საბურთალოზე,არ არის მოწოდებული,ბახტრიონის ქ. 23,80.0,2025-07-10 16:28,ქირავდება თვიურად
https://livo.ge/udzravi-qoneba/qiravdeba-bina/qiravdeba-1-otaxiani-bina-did-dighomshi-21795720,თბილისი,370.0,12.0,ქირავდება 1 ოთახიანი ბინა დიდ დიღომში,არ არის მოწოდებული,დავარის ქ. 21,30.0,2025-07-10 12:33,ქირავდება თვიურად
https://livo.ge/udzravi-qoneba/qiravdeba-bina/qiravdeba-2-otaxiani-bina-dighmis-masivshi-21795265,თბილისი,580.0,13.0,ქირავდება 2 ოთახიანი ბინა დიღმის მასივში,არ არის მოწოდებული,ბელიაშვილი ა. ქ.,45.0,2025-07-10 12:05,ქირავდება თვიურად
https://livo.ge/udzravi-qoneba/iyideba-bina/iyideba-2-otaxiani-bina-did-dighomshi-21794581,თბილისი,67000.0,1457.0,იყიდება 2 ოთახიანი ბინა დიდ დიღომში,არ არის მოწოდებული,პეტრე იბერის ქ. 30,46.0,2025-07-10 10:11,იყიდება
https://livo.ge/udzravi-qoneba/qiravdeba-bina/qiravdeba-3-otaxiani-bina-qutaisshi-21818509,ქუთაისი,368.0,6.0,ქირავდება 3 ოთახიანი ბინა ქუთაისში,არ არის მოწოდებული,ბუხაიძის ქ. 3ვ,65.0,2025-07-12 22:29,ქირავდება თვიურად
https://livo.ge/udzravi-qoneba/iyideba-bina/iyideba-2-otaxiani-bina-qutaisshi-21373456,ქუთაისი,39000.0,736.0,იყიდება 2 ოთახიანი ბინა ქუთაისში,არ არის მოწოდებული,შერვაშიძის ქ. 53,53.0,2025-07-09 11:20,იყიდება
https://livo.ge/udzravi-qoneba/iyideba-bina/iyideba-4-otaxiani-bina-qutaisshi-21821598,ქუთაისი,58000.0,744.0,იყიდება 4 ოთახიანი ბინა ქუთაისში,არ არის მოწოდებული,განჯის ქ.,78.0,2025-07-13 20:51,იყიდება
https://livo.ge/udzravi-qoneba/iyideba-bina/iyideba-10-otaxiani-bina-qutaisshi-21821499,ქუთაისი,80000.0,1000.0,იყიდება 10+ ოთახიანი ბინა ქუთაისში,არ არის მოწოდებული,წერეთლის ქუჩა,80.0,2025-07-13 19:59,იყიდება
https://livo.ge/udzravi-qoneba/qiravdeba-bina/qiravdeba-7-otaxiani-bina-qutaisshi-21821490,ქუთაისი,221.0,2.0,ქირავდება 7 ოთახიანი ბინა ქუთაისში,არ არის მოწოდებული,კუპრაძის ქ. 355,100.0,2025-07-13 19:55,ქირავდება თვიურად
https://livo.ge/udzravi-qoneba/iyideba-bina/iyideba-2-otaxiani-bina-qutaisshi-21821194,ქუთაისი,56100.0,1100.0,იყიდება 2 ოთახიანი ბინა ქუთაისში,არ არის მოწოდებული,რუსთაველის შეს.,51.0,2025-07-13 18:18,იყიდება
https://livo.ge/udzravi-qoneba/iyideba-bina/iyideba-2-otaxiani-bina-qutaisshi-21820913,ქუთაისი,48000.0,800.0,იყიდება 2 ოთახიანი ბინა ქუთაისში,არ არის მოწოდებული,ბუხაიძის ქ.,60.0,2025-07-13 17:15,იყიდება
https://livo.ge/udzravi-qoneba/qiravdeba-bina/qiravdeba-3-otaxiani-bina-qutaisshi-21820724,ქუთაისი,600.0,9.0,ქირავდება 3 ოთახიანი ბინა ქუთაისში,არ არის მოწოდებული,აღმაშენებლის გამზ.,65.0,2025-07-13 16:46,ქირავდება თვიურად
https://livo.ge/udzravi-qoneba/iyideba-bina/iyideba-3-otaxiani-bina-qutaisshi-21820645,ქუთაისი,69000.0,932.0,იყიდება 3 ოთახიანი ბინა ქუთაისში,არ არის მოწოდებული,ბუკიას ქ.,74.0,2025-07-13 16:33,იყიდება
https://livo.ge/udzravi-qoneba/iyideba-bina/iyideba-3-otaxiani-bina-qutaisshi-21819920,ქუთაისი,71545.0,950.0,იყიდება 3 ოთახიანი ბინა ქუთაისში,არ არის მოწოდებული,ჯავახიშვილი ი. ქუჩა 20ა,75.31,2025-07-13 14:23,იყიდება
https://livo.ge/udzravi-qoneba/iyideba-bina/iyideba-1-otaxiani-bina-qutaisshi-21819796,ქუთაისი,31500.0,1050.0,იყიდება 1 ოთახიანი ბინა ქუთაისში,არ არის მოწოდებული,სადგურის ქ. 3,30.0,2025-07-13 13:54,იყიდება
https://livo.ge/udzravi-qoneba/iyideba-bina/iyideba-4-otaxiani-bina-qutaisshi-21819359,ქუთაისი,67000.0,957.0,იყიდება 4 ოთახიანი ბინა ქუთაისში,არ არის მოწოდებული,თაბუკაშვილის ქ. 205,70.0,2025-07-13 12:31,იყიდება
https://livo.ge/udzravi-qoneba/qiravdeba-bina/qiravdeba-3-otaxiani-bina-qutaisshi-21819290,ქუთაისი,368.0,6.0,ქირავდება 3 ოთახიანი ბინა ქუთაისში,არ არის მოწოდებული,ბუხაიძის ქ.,65.0,2025-07-13 12:14,ქირავდება თვიურად
https://livo.ge/udzravi-qoneba/qiravdeba-bina/qiravdeba-2-otaxiani-bina-qutaisshi-21819274,ქუთაისი,295.0,6.0,ქირავდება 2 ოთახიანი ბინა ქუთაისში,არ არის მოწოდებული,თბილისის ქ.,50.0,2025-07-13 12:10,ქირავდება თვიურად
https://livo.ge/udzravi-qoneba/qiravdeba-bina/qiravdeba-3-otaxiani-bina-qutaisshi-21819165,ქუთაისი,368.0,4.0,ქირავდება 3 ოთახიანი ბინა ქუთაისში,არ არის მოწოდებული,აღმაშენებლის გამზ. 81,100.0,2025-07-13 11:43,ქირავდება თვიურად
https://livo.ge/udzravi-qoneba/qiravdeba-bina/qiravdeba-3-otaxiani-bina-qutaisshi-21819150,ქუთაისი,442.0,7.0,ქირავდება 3 ოთახიანი ბინა ქუთაისში,არ არის მოწოდებული,მელიქიშვილი პ. ქ. 8ა,60.0,2025-07-13 11:36,ქირავდება თვიურად
https://livo.ge/udzravi-qoneba/qiravdeba-bina/qiravdeba-1-otaxiani-bina-qutaisshi-21819137,ქუთაისი,203.0,6.0,ქირავდება 1 ოთახიანი ბინა ქუთაისში,არ არის მოწოდებული,თამარ მეფის ქ. 53,32.0,2025-07-13 11:32,ქირავდება თვიურად
https://livo.ge/udzravi-qoneba/qiravdeba-bina/qiravdeba-2-otaxiani-bina-qutaisshi-21819122,ქუთაისი,350.0,10.0,ქირავდება 2 ოთახიანი ბინა ქუთაისში,არ არის მოწოდებული,რუსთაველი შ. გამზირი 24,36.0,2025-07-13 11:23,ქირავდება თვიურად
https://livo.ge/udzravi-qoneba/qiravdeba-bina/qiravdeba-4-otaxiani-bina-qutaisshi-21819116,ქუთაისი,331.0,3.0,ქირავდება 4 ოთახიანი ბინა ქუთაისში,არ არის მოწოდებული,შარტავა ჟ. ქ. 1,95.0,2025-07-13 11:19,ქირავდება თვიურად
https://livo.ge/udzravi-qoneba/qiravdeba-bina/qiravdeba-2-otaxiani-bina-qutaisshi-21819100,ქუთაისი,442.0,8.0,ქირავდება 2 ოთახიანი ბინა ქუთაისში,არ არის მოწოდებული,თამარ მეფის ქ. 10,55.0,2025-07-13 11:07,ქირავდება თვიურად
https://livo.ge/udzravi-qoneba/qiravdeba-bina/qiravdeba-1-otaxiani-bina-qutaisshi-21818764,ქუთაისი,276.0,8.0,ქირავდება 1 ოთახიანი ბინა ქუთაისში,არ არის მოწოდებული,აღმაშენებლის გამზ. 136,36.0,2025-07-13 01:27,ქირავდება თვიურად
https://livo.ge/udzravi-qoneba/iyideba-bina/iyideba-2-otaxiani-bina-qutaisshi-21818644,ქუთაისი,46000.0,1314.0,იყიდება 2 ოთახიანი ბინა ქუთაისში,არ არის მოწოდებული,გამსახურდია ზ. გამზ. 40,35.0,2025-07-12 23:38,იყიდება
https://livo.ge/udzravi-qoneba/qiravdeba-bina/qiravdeba-2-otaxiani-bina-qutaisshi-21818630,ქუთაისი,313.0,6.0,ქირავდება 2 ოთახიანი ბინა ქუთაისში,არ არის მოწოდებული,გელათის ქ. 28,50.0,2025-07-12 23:24,ქირავდება თვიურად
https://livo.ge/udzravi-qoneba/qiravdeba-bina/qiravdeba-2-otaxiani-bina-qutaisshi-21818530,ქუთაისი,295.0,5.0,ქირავდება 2 ოთახიანი ბინა ქუთაისში,არ არის მოწოდებული,ჭავჭავაძე ზ. ქ. 22,65.0,2025-07-12 22:40,ქირავდება თვიურად
https://livo.ge/udzravi-qoneba/iyideba-bina/iyideba-3-otaxiani-bina-qutaisshi-21818087,ქუთაისი,47000.0,553.0,იყიდება 3 ოთახიანი ბინა ქუთაისში,არ არის მოწოდებული,თაბუკაშვილის ქ. 18,85.0,2025-07-12 19:14,იყიდება
https://livo.ge/udzravi-qoneba/iyideba-bina/iyideba-4-otaxiani-bina-qutaisshi-21817331,ქუთაისი,70000.0,389.0,იყიდება 4 ოთახიანი ბინა ქუთაისში,არ არის მოწოდებული,მესხის ქ.,180.0,2025-07-12 17:16,იყიდება
https://livo.ge/udzravi-qoneba/iyideba-bina/iyideba-3-otaxiani-bina-qutaisshi-21817054,ქუთაისი,63000.0,1050.0,იყიდება 3 ოთახიანი ბინა ქუთაისში,არ არის მოწოდებული,ბალანჩივაძის ქ.,60.0,2025-07-12 16:45,იყიდება
https://livo.ge/udzravi-qoneba/iyideba-bina/iyideba-3-otaxiani-bina-qutaisshi-21816960,ქუთაისი,63000.0,1050.0,იყიდება 3 ოთახიანი ბინა ქუთაისში,არ არის მოწოდებული,ბალანჩივაძის ქ.,60.0,2025-07-12 16:36,იყიდება
https://livo.ge/udzravi-qoneba/iyideba-bina/iyideba-3-otaxiani-bina-qutaisshi-21816181,ქუთაისი,63000.0,1050.0,იყიდება 3 ოთახიანი ბინა ქუთაისში,არ არის მოწოდებული,ბალანჩივაძის ქ.,60.0,2025-07-12 15:26,იყიდება
https://livo.ge/udzravi-qoneba/qiravdeba-bina/qiravdeba-2-otaxiani-bina-qutaisshi-21815889,ქუთაისი,295.0,6.0,ქირავდება 2 ოთახიანი ბინა ქუთაისში,არ არის მოწოდებული,თბილისის ქ. 68,50.0,2025-07-12 15:01,ქირავდება თვიურად
https://livo.ge/udzravi-qoneba/qiravdeba-bina/qiravdeba-1-otaxiani-bina-qutaisshi-21815560,ქუთაისი,129.0,6.0,ქირავდება 1 ოთახიანი ბინა ქუთაისში,არ არის მოწოდებული,ასათაინი ლ. ქუჩა 50,20.0,2025-07-12 14:28,ქირავდება თვიურად
https://livo.ge/udzravi-qoneba/iyideba-bina/iyideba-3-otaxiani-bina-qutaisshi-21815163,ქუთაისი,90000.0,1000.0,იყიდება 3 ოთახიანი ბინა ქუთაისში,არ არის მოწოდებული,ხანძთელი გრ. ქ.,90.0,2025-07-12 13:48,იყიდება
https://livo.ge/udzravi-qoneba/iyideba-bina/iyideba-3-otaxiani-bina-qutaisshi-21814515,ქუთაისი,63000.0,1050.0,იყიდება 3 ოთახიანი ბინა ქუთაისში,არ არის მოწოდებული,ბალანჩივაძის ქ.,60.0,2025-07-12 12:41,იყიდება
https://livo.ge/udzravi-qoneba/qiravdeba-bina/qiravdeba-2-otaxiani-bina-qutaisshi-21814069,ქუთაისი,350.0,10.0,ქირავდება 2 ოთახიანი ბინა ქუთაისში,არ არის მოწოდებული,თამარ მეფის ქ.,35.0,2025-07-12 11:51,ქირავდება თვიურად
https://livo.ge/udzravi-qoneba/iyideba-bina/iyideba-3-otaxiani-bina-qutaisshi-21813794,ქუთაისი,55000.0,1058.0,იყიდება 3 ოთახიანი ბინა ქუთაისში,არ არის მოწოდებული,ჭავჭავაძე ზ. ქ. 20,52.0,2025-07-12 10:56,იყიდება
https://livo.ge/udzravi-qoneba/iyideba-bina/iyideba-3-otaxiani-bina-qutaisshi-21813773,ქუთაისი,48000.0,640.0,იყიდება 3 ოთახიანი ბინა ქუთაისში,არ არის მოწოდებული,ჭავჭავაძე ზ. ქ. 48,75.0,2025-07-12 10:49,იყიდება
https://livo.ge/udzravi-qoneba/qiravdeba-bina/qiravdeba-3-otaxiani-bina-qutaisshi-21813762,ქუთაისი,368.0,5.0,ქირავდება 3 ოთახიანი ბინა ქუთაისში,არ არის მოწოდებული,აბაშიძე ი. ქ. 6,75.0,2025-07-12 10:46,ქირავდება თვიურად
https://livo.ge/udzravi-qoneba/iyideba-bina/iyideba-3-otaxiani-bina-qutaisshi-21813757,ქუთაისი,120000.0,1412.0,იყიდება 3 ოთახიანი ბინა ქუთაისში,არ არის მოწოდებული,წერეთლის ქუჩა 111,85.0,2025-07-12 10:43,იყიდება
https://livo.ge/udzravi-qoneba/iyideba-bina/iyideba-3-otaxiani-bina-qutaisshi-21813709,ქუთაისი,63000.0,1050.0,იყიდება 3 ოთახიანი ბინა ქუთაისში,არ არის მოწოდებული,ბალანჩივაძის ქუჩა,60.0,2025-07-12 10:26,იყიდება
https://livo.ge/udzravi-qoneba/iyideba-bina/iyideba-3-otaxiani-bina-qutaisshi-21813627,ქუთაისი,57000.0,877.0,იყიდება 3 ოთახიანი ბინა ქუთაისში,არ არის მოწოდებული,ბუკიას ქ. 19,65.0,2025-07-12 09:16,იყიდება
https://livo.ge/udzravi-qoneba/qiravdebadghiurad-bina/qiravdeba-dghiurad-1-otaxiani-bina-batumshi-21821150,ბათუმი,37.0,1.0,ქირავდება დღიურად 1 ოთახიანი ბინა ბათუმში,არ არის მოწოდებული,კობალაძე ი. ქ. 4,34.0,2025-07-13 18:06,ქირავდება დღიურად
https://livo.ge/udzravi-qoneba/qiravdebadghiurad-bina/qiravdeba-dghiurad-4-otaxiani-bina-batumshi-21819495,ბათუმი,92.0,1.0,ქირავდება დღიურად 4 ოთახიანი ბინა ბათუმში,არ არის მოწოდებული,ფარნავაზ მეფის ქ. 63,120.0,2025-07-13 12:59,ქირავდება დღიურად
https://livo.ge/udzravi-qoneba/qiravdebadghiurad-bina/qiravdeba-dghiurad-1-otaxiani-bina-batumshi-21819048,ბათუმი,37.0,1.0,ქირავდება დღიურად 1 ოთახიანი ბინა ბათუმში,არ არის მოწოდებული,შარტავა ჟ. ქ.,40.0,2025-07-13 10:22,ქირავდება დღიურად
https://livo.ge/udzravi-qoneba/qiravdeba-bina/qiravdeba-1-otaxiani-bina-batumshi-21818918,ბათუმი,500.0,14.0,ქირავდება 1 ოთახიანი ბინა ბათუმში,არ არის მოწოდებული,ლეხ და მარია კაჩინსკების ქუჩა 5,35.0,2025-07-13 05:45,ქირავდება თვიურად
https://livo.ge/udzravi-qoneba/qiravdebadghiurad-bina/qiravdeba-dghiurad-1-otaxiani-bina-batumshi-21818117,ბათუმი,55.0,2.0,ქირავდება დღიურად 1 ოთახიანი ბინა ბათუმში,არ არის მოწოდებული,რუსთაველის ქ. 42,30.0,2025-07-12 19:27,ქირავდება დღიურად
https://livo.ge/udzravi-qoneba/qiravdeba-bina/qiravdeba-4-otaxiani-bina-batumshi-21816840,ბათუმი,1100.0,10.0,ქირავდება 4 ოთახიანი ბინა ბათუმში,არ არის მოწოდებული,ბაგრატიონი პ. შეს. 161,110.0,2025-07-12 16:22,ქირავდება თვიურად
https://livo.ge/udzravi-qoneba/qiravdebadghiurad-bina/qiravdeba-dghiurad-1-otaxiani-bina-batumshi-21469551,ბათუმი,29.0,1.0,ქირავდება დღიურად 1 ოთახიანი ბინა ბათუმში,არ არის მოწოდებული,შარტავა ჟ. ქ. 8,33.0,2025-07-12 10:49,ქირავდება დღიურად
https://livo.ge/udzravi-qoneba/iyideba-bina/iyideba-3-otaxiani-bina-batumshi-21812983,ბათუმი,135000.0,2500.0,იყიდება 3 ოთახიანი ბინა ბათუმში,არ არის მოწოდებული,აბაშიძე მ. ქ.,54.0,2025-07-11 19:57,იყიდება
https://livo.ge/udzravi-qoneba/qiravdebadghiurad-bina/qiravdeba-dghiurad-3-otaxiani-bina-batumshi-408604,ბათუმი,55.0,1.0,ქირავდება დღიურად 3 ოთახიანი ბინა ბათუმში,არ არის მოწოდებული,გორგილაძე ზ. ქუჩა 96,60.0,2025-07-11 16:02,ქირავდება დღიურად
https://livo.ge/udzravi-qoneba/qiravdebadghiurad-bina/qiravdeba-dghiurad-1-otaxiani-bina-batumshi-21208121,ბათუმი,37.0,1.0,ქირავდება დღიურად 1 ოთახიანი ბინა ბათუმში,არ არის მოწოდებული,შარტავა ჟ. ქ. 8,33.0,2025-07-11 15:03,ქირავდება დღიურად
https://livo.ge/udzravi-qoneba/iyideba-bina/iyideba-2-otaxiani-bina-batumshi-21800845,ბათუმი,78000.0,1164.0,იყიდება 2 ოთახიანი ბინა ბათუმში,არ არის მოწოდებული,შანშიაშვილის ქ.,67.0,2025-07-10 17:16,იყიდება
https://livo.ge/udzravi-qoneba/iyideba-bina/iyideba-1-otaxiani-bina-batumshi-21794201,ბათუმი,65000.0,2031.0,იყიდება 1 ოთახიანი ბინა ბათუმში,არ არის მოწოდებული,ხიმშიაშვილი შ. ქ. 4,32.0,2025-07-09 23:43,იყიდება
https://livo.ge/udzravi-qoneba/iyideba-bina/iyideba-3-otaxiani-bina-batumshi-21794178,ბათუმი,120000.0,2143.0,იყიდება 3 ოთახიანი ბინა ბათუმში,არ არის მოწოდებული,ხიმშიაშვილი შ. ქ. 4,56.0,2025-07-09 23:31,იყიდება
https://livo.ge/udzravi-qoneba/iyideba-bina/iyideba-1-otaxiani-bina-batumshi-21784649,ბათუმი,38870.0,1300.0,იყიდება 1 ოთახიანი ბინა ბათუმში,არ არის მოწოდებული,კობალაძე ი. ქ. 18,29.9,2025-07-09 00:28,იყიდება
https://livo.ge/udzravi-qoneba/qiravdebadghiurad-bina/qiravdeba-dghiurad-4-otaxiani-bina-batumshi-21784571,ბათუმი,48.0,1.0,ქირავდება დღიურად 4 ოთახიანი ბინა ბათუმში,არ არის მოწოდებული,ხიმშიაშვილი შ. ქ. 43,40.0,2025-07-08 23:56,ქირავდება დღიურად
https://livo.ge/udzravi-qoneba/iyideba-bina/iyideba-3-otaxiani-bina-batumshi-21624227,ბათუმი,75000.0,1415.0,იყიდება 3 ოთახიანი ბინა ბათუმში,არ არის მოწოდებული,აღმაშენებლის ქ. 3,53.0,2025-07-08 09:24,იყიდება
https://livo.ge/udzravi-qoneba/iyideba-bina/iyideba-3-otaxiani-bina-batumshi-21821616,ბათუმი,170000.0,2000.0,იყიდება 3 ოთახიანი ბინა ბათუმში,არ არის მოწოდებული,აბაშიძე ჰ. ქ. 60,85.0,2025-07-13 21:04,იყიდება
https://livo.ge/udzravi-qoneba/qiravdeba-bina/qiravdeba-2-otaxiani-bina-batumshi-21821615,ბათუმი,750.0,14.0,ქირავდება 2 ოთახიანი ბინა ბათუმში,არ არის მოწოდებული,26 მაისის ქ. 13,55.0,2025-07-13 21:03,ქირავდება თვიურად
https://livo.ge/udzravi-qoneba/qiravdeba-bina/qiravdeba-3-otaxiani-bina-batumshi-21821614,ბათუმი,1200.0,17.0,ქირავდება 3 ოთახიანი ბინა ბათუმში,არ არის მოწოდებული,აბაშიძე ჰ. ქ. 60,70.0,2025-07-13 21:03,ქირავდება თვიურად
https://livo.ge/udzravi-qoneba/iyideba-bina/iyideba-3-otaxiani-bina-batumshi-21821605,ბათუმი,130000.0,1711.0,იყიდება 3 ოთახიანი ბინა ბათუმში,არ არის მოწოდებული,თაყაიშვილი ე. ქ. 38,76.0,2025-07-13 20:55,იყიდება
https://livo.ge/udzravi-qoneba/qiravdeba-bina/qiravdeba-3-otaxiani-bina-batumshi-21821597,ბათუმი,800.0,8.0,ქირავდება 3 ოთახიანი ბინა ბათუმში,არ არის მოწოდებული,ბაგრატიონი პ. შეს.,95.0,2025-07-13 20:51,ქირავდება თვიურად
https://livo.ge/udzravi-qoneba/qiravdeba-bina/qiravdeba-3-otaxiani-bina-batumshi-21821594,ბათუმი,1000.0,11.0,ქირავდება 3 ოთახიანი ბინა ბათუმში,არ არის მოწოდებული,ვაჟა-ფშაველას ქ. 34,87.0,2025-07-13 20:50,ქირავდება თვიურად
https://livo.ge/udzravi-qoneba/qiravdebadghiurad-bina/qiravdeba-dghiurad-1-otaxiani-bina-batumshi-21821591,ბათუმი,33.0,1.0,ქირავდება დღიურად 1 ოთახიანი ბინა ბათუმში,არ არის მოწოდებული,ჭავჭავაძე ი. ქუჩა 93,30.0,2025-07-13 20:49,ქირავდება დღიურად
https://livo.ge/udzravi-qoneba/qiravdeba-bina/qiravdeba-2-otaxiani-bina-batumshi-21821589,ბათუმი,550.0,10.0,ქირავდება 2 ოთახიანი ბინა ბათუმში,არ არის მოწოდებული,ბაგრატიონი პ. შეს.,55.0,2025-07-13 20:47,ქირავდება თვიურად
https://livo.ge/udzravi-qoneba/qiravdeba-bina/qiravdeba-2-otaxiani-bina-batumshi-21821585,ბათუმი,700.0,11.0,ქირავდება 2 ოთახიანი ბინა ბათუმში,არ არის მოწოდებული,ლერმონტოვი მ. ქუჩა 12,65.0,2025-07-13 20:44,ქირავდება თვიურად
https://livo.ge/udzravi-qoneba/qiravdebadghiurad-bina/qiravdeba-dghiurad-2-otaxiani-bina-batumshi-21821584,ბათუმი,37.0,1.0,ქირავდება დღიურად 2 ოთახიანი ბინა ბათუმში,არ არის მოწოდებული,კობალაძე ი. ქ. 8ა,50.0,2025-07-13 20:44,ქირავდება დღიურად
https://livo.ge/udzravi-qoneba/qiravdeba-bina/qiravdeba-4-otaxiani-bina-batumshi-21821582,ბათუმი,1100.0,10.0,ქირავდება 4 ოთახიანი ბინა ბათუმში,არ არის მოწოდებული,ბაგრატიონი პ. შეს.,110.0,2025-07-13 20:43,ქირავდება თვიურად
https://livo.ge/udzravi-qoneba/qiravdeba-bina/qiravdeba-3-otaxiani-bina-batumshi-21821576,ბათუმი,800.0,8.0,ქირავდება 3 ოთახიანი ბინა ბათუმში,არ არის მოწოდებული,გენერალ ასლან აბაშიძის ქუჩა 10,95.0,2025-07-13 20:38,ქირავდება თვიურად
https://livo.ge/udzravi-qoneba/qiravdebadghiurad-bina/qiravdeba-dghiurad-3-otaxiani-bina-batumshi-21821571,ბათუმი,66.0,1.0,ქირავდება დღიურად 3 ოთახიანი ბინა ბათუმში,არ არის მოწოდებული,გრიბოედოვი ა. ქ. 28,65.0,2025-07-13 20:35,ქირავდება დღიურად
https://livo.ge/udzravi-qoneba/qiravdeba-bina/qiravdeba-3-otaxiani-bina-batumshi-21821566,ბათუმი,900.0,9.0,ქირავდება 3 ოთახიანი ბინა ბათუმში,არ არის მოწოდებული,გორგილაძე ზ. ქუჩა 92,100.0,2025-07-13 20:32,ქირავდება თვიურად
https://livo.ge/udzravi-qoneba/qiravdeba-bina/qiravdeba-3-otaxiani-bina-batumshi-21821561,ბათუმი,700.0,10.0,ქირავდება 3 ოთახიანი ბინა ბათუმში,არ არის მოწოდებული,ანგისის 3 ჩიხი 4,70.0,2025-07-13 20:28,ქირავდება თვიურად
https://livo.ge/udzravi-qoneba/qiravdeba-bina/qiravdeba-3-otaxiani-bina-batumshi-21821556,ბათუმი,1200.0,15.0,ქირავდება 3 ოთახიანი ბინა ბათუმში,არ არის მოწოდებული,შარტავა ჟ. ქ. 16,82.0,2025-07-13 20:26,ქირავდება თვიურად
https://livo.ge/udzravi-qoneba/iyideba-bina/iyideba-2-otaxiani-bina-batumshi-21821553,ბათუმი,67000.0,1489.0,იყიდება 2 ოთახიანი ბინა ბათუმში,არ არის მოწოდებული,ხიმშიაშვილი შ. ქ. 9,45.0,2025-07-13 20:23,იყიდება
https://livo.ge/udzravi-qoneba/qiravdeba-bina/qiravdeba-2-otaxiani-bina-batumshi-21821548,ბათუმი,400.0,9.0,ქირავდება 2 ოთახიანი ბინა ბათუმში,არ არის მოწოდებული,კობალაძე ი. ქ. 8ა,47.0,2025-07-13 20:21,ქირავდება თვიურად
https://livo.ge/udzravi-qoneba/qiravdeba-bina/qiravdeba-3-otaxiani-bina-batumshi-21821547,ბათუმი,700.0,9.0,ქირავდება 3 ოთახიანი ბინა ბათუმში,არ არის მოწოდებული,ანგისის 3 ჩიხი 4,80.0,2025-07-13 20:21,ქირავდება თვიურად
https://livo.ge/udzravi-qoneba/qiravdebadghiurad-bina/qiravdeba-dghiurad-1-otaxiani-bina-batumshi-21821487,ბათუმი,44.0,1.0,ქირავდება დღიურად 1 ოთახიანი ბინა ბათუმში,არ არის მოწოდებული,ხიმშიაშვილი შ. ქ. 12,30.0,2025-07-13 19:53,ქირავდება დღიურად
https://livo.ge/udzravi-qoneba/qiravdeba-bina/qiravdeba-1-otaxiani-bina-batumshi-21821485,ბათუმი,500.0,13.0,ქირავდება 1 ოთახიანი ბინა ბათუმში,არ არის მოწოდებული,შარტავა ჟ. ქ. 32,40.0,2025-07-13 19:52,ქირავდება თვიურად
https://livo.ge/udzravi-qoneba/qiravdebadghiurad-bina/qiravdeba-dghiurad-1-otaxiani-bina-batumshi-21821473,ბათუმი,26.0,1.0,ქირავდება დღიურად 1 ოთახიანი ბინა ბათუმში,არ არის მოწოდებული,კობალაძე ი. ქ. 2,35.0,2025-07-13 19:45,ქირავდება დღიურად
https://www.myhome.ge/pr/13001028/qiravdeba-dghiurad-2-otaxiani-bina-saburtaloze/,თბილისი,44.0,0.0,ქირავდება დღიურად 2 ოთახიანი ბინა საბურთალოზე,საბურთალო,თამარაშვილის 6,60.0,2025-07-13 21:05,ქირავდება დღიურად
https://www.myhome.ge/pr/19393886/qiravdeba-dghiurad-2-otaxiani-bina-saburtaloze/,თბილისი,18.0,0.0,ქირავდება დღიურად 2 ოთახიანი ბინა საბურთალოზე,საბურთალო,პეკინის გამზ. 30,42.0,2025-07-13 21:04,ქირავდება დღიურად
https://www.myhome.ge/pr/21322340/iyideba-4-otaxiani-bina-saburtaloze/,თბილისი,166914.0,1368.0,იყიდება 4 ოთახიანი ბინა საბურთალოზე,საბურთალო,გამრეკელი დ. ქ. 1,122.0,2025-07-13 21:01,იყიდება
https://www.myhome.ge/pr/21395749/qiravdeba-dghiurad-2-otaxiani-bina-sololakshi/,თბილისი,44.0,0.0,ქირავდება დღიურად 2 ოთახიანი ბინა სოლოლაკში,სოლოლაკი,ლეონიძის ქ. 8,65.0,2025-07-13 20:58,ქირავდება დღიურად
https://www.myhome.ge/pr/21390704/qiravdeba-dghiurad-2-otaxiani-bina-varketilshi/,თბილისი,18.0,0.0,ქირავდება დღიურად 2 ოთახიანი ბინა ვარკეთილში,ვარკეთილი,ჯავახეთის ქ.,50.0,2025-07-13 20:56,ქირავდება დღიურად
https://www.myhome.ge/pr/21684549/qiravdeba-dghiurad-2-otaxiani-bina-varketilshi/,თბილისი,26.0,0.0,ქირავდება დღიურად 2 ოთახიანი ბინა ვარკეთილში,ვარკეთილი,კუპრაძე ვ. ქ. 74,60.0,2025-07-13 20:51,ქირავდება დღიურად
https://www.myhome.ge/pr/12619206/qiravdeba-dghiurad-2-otaxiani-bina-saburtaloze/,თბილისი,15.0,0.0,ქირავდება დღიურად 2 ოთახიანი ბინა საბურთალოზე,საბურთალო,პეკინის გამზ.,60.0,2025-07-13 20:49,ქირავდება დღიურად
https://www.myhome.ge/pr/19125234/qiravdeba-dghiurad-1-otaxiani-bina-saburtaloze/,თბილისი,7.0,0.0,ქირავდება დღიურად 1 ოთახიანი ბინა საბურთალოზე,საბურთალო,პოლიტკოვსკაია ა. ქ. (ჯიქია) 34,30.0,2025-07-13 20:48,ქირავდება დღიურად
https://www.myhome.ge/pr/21759456/qiravdeba-3-otaxiani-bina-ortachalashi/,თბილისი,550.0,7.0,ქირავდება 3 ოთახიანი ბინა ორთაჭალაში,ორთაჭალა,გორგასალი ვ. ქუჩა 4,80.0,2025-07-13 20:47,ქირავდება თვიურად
https://www.myhome.ge/pr/21080569/qiravdeba-dghiurad-2-otaxiani-bina-gldanshi/,თბილისი,11.0,0.0,ქირავდება დღიურად 2 ოთახიანი ბინა გლდანში,გლდანი,ნოზაძე მ. ქუჩა 21,55.0,2025-07-13 20:46,ქირავდება დღიურად
https://www.myhome.ge/pr/21794383/qiravdeba-2-otaxiani-bina-vakeshi/,თბილისი,800.0,13.0,ქირავდება 2 ოთახიანი ბინა ვაკეში,ვაკე,თამარაშვილი მ. ქუჩა 13,64.0,2025-07-13 20:45,ქირავდება თვიურად
https://www.myhome.ge/pr/21737804/qiravdeba-dghiurad-2-otaxiani-bina-isanshi/,თბილისი,26.0,0.0,ქირავდება დღიურად 2 ოთახიანი ბინა ისანში,ისანი,ნავთლუღის ქ. 10,60.0,2025-07-13 20:44,ქირავდება დღიურად
https://www.myhome.ge/pr/21373369/qiravdeba-dghiurad-2-otaxiani-bina-varketilshi/,თბილისი,18.0,0.0,ქირავდება დღიურად 2 ოთახიანი ბინა ვარკეთილში,ვარკეთილი,კუპრაძე ვ. ქ.,50.0,2025-07-13 20:43,ქირავდება დღიურად
https://www.myhome.ge/pr/20256485/qiravdeba-dghiurad-2-otaxiani-bina-varketilshi/,თბილისი,22.0,0.0,ქირავდება დღიურად 2 ოთახიანი ბინა ვარკეთილში,ვარკეთილი,კუპრაძე ვ. ქ. 74,50.0,2025-07-13 20:42,ქირავდება დღიურად
https://www.myhome.ge/pr/17014468/qiravdeba-dghiurad-2-otaxiani-bina-varketilshi/,თბილისი,15.0,0.0,ქირავდება დღიურად 2 ოთახიანი ბინა ვარკეთილში,ვარკეთილი,ჯავახეთის ქ. 58ა,60.0,2025-07-13 20:35,ქირავდება დღიურად
https://www.myhome.ge/pr/8411753/qiravdeba-dghiurad-2-otaxiani-bina-saburtaloze/,თბილისი,74.0,0.0,ქირავდება დღიურად 2 ოთახიანი ბინა საბურთალოზე,საბურთალო,პეკინის გამზ.,78.0,2025-07-13 20:33,ქირავდება დღიურად
https://www.myhome.ge/pr/20994833/qiravdeba-dghiurad-1-otaxiani-bina-saburtaloze/,თბილისი,37.0,0.0,ქირავდება დღიურად 1 ოთახიანი ბინა საბურთალოზე,საბურთალო,იოსებიძე თ. ქ. 57,57.0,2025-07-13 20:30,ქირავდება დღიურად
https://www.myhome.ge/pr/15081333/qiravdeba-dghiurad-1-otaxiani-bina-saburtaloze/,თბილისი,18.0,0.0,ქირავდება დღიურად 1 ოთახიანი ბინა საბურთალოზე,საბურთალო,მიცკევიჩი ა. ქ.,40.0,2025-07-13 20:30,ქირავდება დღიურად
https://www.myhome.ge/pr/20785758/qiravdeba-1-otaxiani-bina-chughuretshi/,თბილისი,405.0,9.0,ქირავდება 1 ოთახიანი ბინა ჩუღურეთში,ჩუღურეთი,ჭავჭავაძე ზ. ქ. 11,45.0,2025-07-13 20:22,ქირავდება თვიურად
https://www.myhome.ge/pr/11255209/qiravdeba-dghiurad-2-otaxiani-bina-isanshi/,თბილისი,15.0,0.0,ქირავდება დღიურად 2 ოთახიანი ბინა ისანში,ისანი,ბერი გაბრიელ სალოსის გამზ.,41.0,2025-07-13 20:20,ქირავდება დღიურად
https://www.myhome.ge/pr/17211537/qiravdeba-dghiurad-2-otaxiani-bina-gldanshi/,თბილისი,11.0,0.0,ქირავდება დღიურად 2 ოთახიანი ბინა გლდანში,გლდანი,ხიზაბავრას ქ.,53.0,2025-07-13 20:19,ქირავდება დღიურად
https://www.myhome.ge/pr/21595480/qiravdeba-dghiurad-2-otaxiani-bina-saburtaloze/,თბილისი,37.0,0.0,ქირავდება დღიურად 2 ოთახიანი ბინა საბურთალოზე,საბურთალო,ვაჟა-ფშაველას II შეს. 8,150.0,2025-07-13 20:19,ქირავდება დღიურად
https://www.myhome.ge/pr/21705227/qiravdeba-3-otaxiani-bina-saburtaloze/,თბილისი,650.0,8.0,ქირავდება 3 ოთახიანი ბინა საბურთალოზე,საბურთალო,პოლიტკოვსკაია ა. ქ. (ჯიქია) 2,80.0,2025-07-13 20:16,ქირავდება თვიურად
https://www.myhome.ge/pr/21705086/qiravdeba-4-otaxiani-bina-saburtaloze/,თბილისი,1100.0,6.0,ქირავდება 4 ოთახიანი ბინა საბურთალოზე,საბურთალო,აფაქიძე ა. ქ. 11,200.0,2025-07-13 20:15,ქირავდება თვიურად
https://www.myhome.ge/pr/21821375/qiravdeba-dghiurad-2-otaxiani-bina-saburtaloze/,თბილისი,18.0,0.0,ქირავდება დღიურად 2 ოთახიანი ბინა საბურთალოზე,საბურთალო,პეკინის გამზ. 6,40.0,2025-07-13 20:15,ქირავდება დღიურად
https://www.myhome.ge/pr/21777596/qiravdeba-3-otaxiani-bina-saburtaloze/,თბილისი,899.0,9.0,ქირავდება 3 ოთახიანი ბინა საბურთალოზე,საბურთალო,ალექსიძე მ. ქ.,96.0,2025-07-13 20:10,ქირავდება თვიურად
https://www.myhome.ge/pr/21767357/qiravdeba-3-otaxiani-bina-vakeshi/,თბილისი,1199.0,13.0,ქირავდება 3 ოთახიანი ბინა ვაკეში,ვაკე,ჭავჭავაძე ი. გამზირი,94.0,2025-07-13 20:10,ქირავდება თვიურად
https://www.myhome.ge/pr/21772238/qiravdeba-dghiurad-2-otaxiani-bina-saburtaloze/,თბილისი,37.0,0.0,ქირავდება დღიურად 2 ოთახიანი ბინა საბურთალოზე,საბურთალო,ბოჭორიშვილის ქ. 1,60.0,2025-07-13 20:07,ქირავდება დღიურად
https://www.myhome.ge/pr/15786903/qiravdeba-dghiurad-2-otaxiani-bina-saburtaloze/,თბილისი,18.0,0.0,ქირავდება დღიურად 2 ოთახიანი ბინა საბურთალოზე,საბურთალო,ვაჟა-ფშაველას გამზირი,50.0,2025-07-13 20:03,ქირავდება დღიურად
https://www.myhome.ge/pr/19172800/qiravdeba-dghiurad-2-otaxiani-bina-did-dighomshi/,თბილისი,11.0,0.0,ქირავდება დღიურად 2 ოთახიანი ბინა დიდ დიღომში,დიდი დიღომი,ასმათის ქ. 14,57.0,2025-07-13 20:03,ქირავდება დღიურად
https://www.myhome.ge/pr/12168154/qiravdeba-dghiurad-2-otaxiani-bina-gldanshi/,თბილისი,4.0,0.0,ქირავდება დღიურად 2 ოთახიანი ბინა გლდანში,გლდანი,ქერჩის ქ.,55.0,2025-07-13 20:02,ქირავდება დღიურად
https://www.myhome.ge/pr/19460808/qiravdeba-dghiurad-2-otaxiani-bina-isanshi/,თბილისი,11.0,0.0,ქირავდება დღიურად 2 ოთახიანი ბინა ისანში,ისანი,ბერი გაბრიელ სალოსის გამზ. 1,67.0,2025-07-13 20:02,ქირავდება დღიურად
https://www.myhome.ge/pr/21591786/iyideba-10-otaxiani-bina-sololakshi/,თბილისი,383803.0,1279.0,იყიდება 10+ ოთახიანი ბინა სოლოლაკში,სოლოლაკი,ლეონიძის ქ. 4,300.0,2025-07-13 20:00,იყიდება
https://www.myhome.ge/pr/16265734/qiravdeba-dghiurad-1-otaxiani-bina-gldanshi/,თბილისი,11.0,0.0,ქირავდება დღიურად 1 ოთახიანი ბინა გლდანში,გლდანი,ხიზაბავრას ქ.,30.0,2025-07-13 19:53,ქირავდება დღიურად
https://www.myhome.ge/pr/20751169/qiravdeba-dghiurad-1-otaxiani-bina-isanshi/,თბილისი,26.0,0.0,ქირავდება დღიურად 1 ოთახიანი ბინა ისანში,ისანი,ბერი გაბრიელ სალოსის გამზ.,35.0,2025-07-13 19:46,ქირავდება დღიურად
https://www.myhome.ge/pr/21649333/qiravdeba-dghiurad-3-otaxiani-bina-saburtaloze/,თბილისი,55.0,0.0,ქირავდება დღიურად 3 ოთახიანი ბინა საბურთალოზე,საბურთალო,კოსტავა მ. ქ.,88.0,2025-07-13 19:42,ქირავდება დღიურად
https://www.myhome.ge/pr/21821456/qiravdeba-2-otaxiani-bina-navtlughshi/,თბილისი,368.0,10.0,ქირავდება 2 ოთახიანი ბინა ნავთლუღში,ნავთლუღი,გიორგი ნადარეიშვილის ქუჩა,38.0,2025-07-13 19:41,ქირავდება თვიურად
https://www.myhome.ge/pr/20352631/qiravdeba-dghiurad-2-otaxiani-bina-gldanshi/,თბილისი,18.0,0.0,ქირავდება დღიურად 2 ოთახიანი ბინა გლდანში,გლდანი,ხიზაბავრას ქ. 3,45.0,2025-07-13 19:40,ქირავდება დღიურად
https://www.myhome.ge/pr/20556548/qiravdeba-dghiurad-1-otaxiani-bina-didubeshi/,თბილისი,18.0,0.0,ქირავდება დღიურად 1 ოთახიანი ბინა დიდუბეში,დიდუბე,წყალტუბოს ქ. 12,36.0,2025-07-13 19:39,ქირავდება დღიურად
https://www.myhome.ge/pr/16317067/qiravdeba-dghiurad-1-otaxiani-bina-san-zonashi/,თბილისი,18.0,0.0,ქირავდება დღიურად 1 ოთახიანი ბინა სან. ზონაში,სან. ზონა,გურამიშვილის გამზ.,32.0,2025-07-13 19:39,ქირავდება დღიურად
https://www.myhome.ge/pr/21685375/iyideba-3-otaxiani-bina-qutaisshi/,ქუთაისი,72864.0,795.0,იყიდება 3 ოთახიანი ბინა ქუთაისში,ბალახვანი,წერეთლის ქუჩა 184,91.7,2025-07-01 15:53,იყიდება
https://www.myhome.ge/pr/21705690/qiravdeba-dghiurad-1-otaxiani-bina-qutaisshi/,ქუთაისი,22.0,0.0,ქირავდება დღიურად 1 ოთახიანი ბინა ქუთაისში,მეფეთუბანი,პუშკინი ა. ქ. 5,30.0,2025-07-13 20:57,ქირავდება დღიურად
https://www.myhome.ge/pr/21794156/qiravdeba-3-otaxiani-bina-qutaisshi/,ქუთაისი,368.0,6.0,ქირავდება 3 ოთახიანი ბინა ქუთაისში,ზასტავა,ჯავახიშვილი ი. ქუჩა 73,65.0,2025-07-13 11:03,ქირავდება თვიურად
https://www.myhome.ge/pr/21661123/qiravdeba-1-otaxiani-bina-qutaisshi/,ქუთაისი,442.0,8.0,ქირავდება 1 ოთახიანი ბინა ქუთაისში,მეფეთუბანი,თამარ მეფის ქ. 10,55.0,2025-07-09 21:01,ქირავდება თვიურად
https://www.myhome.ge/pr/19416508/qiravdeba-dghiurad-1-otaxiani-bina-qutaisshi/,ქუთაისი,22.0,0.0,ქირავდება დღიურად 1 ოთახიანი ბინა ქუთაისში,ჭავჭავაძე,ჭავჭავაძის გამზ.,30.0,2025-07-13 19:04,ქირავდება დღიურად
https://www.myhome.ge/pr/18721161/qiravdeba-2-otaxiani-bina-qutaisshi/,ქუთაისი,350.0,10.0,ქირავდება 2 ოთახიანი ბინა ქუთაისში,მეფეთუბანი,თამარ მეფის ქ.,35.0,2025-07-13 18:58,ქირავდება თვიურად
https://www.myhome.ge/pr/14185416/qiravdeba-dghiurad-1-otaxiani-bina-qutaisshi/,ქუთაისი,22.0,0.0,ქირავდება დღიურად 1 ოთახიანი ბინა ქუთაისში,ზასტავა,ბუხაიძის ქ.,30.0,2025-07-13 17:21,ქირავდება დღიურად
https://www.myhome.ge/pr/21605035/iyideba-2-otaxiani-bina-qutaisshi/,ქუთაისი,59470.0,1188.0,იყიდება 2 ოთახიანი ბინა ქუთაისში,აღმაშენებელი,აღმაშენებელი დ. გამზირი 112,50.07,2025-07-13 17:00,იყიდება
https://www.myhome.ge/pr/17790681/qiravdeba-dghiurad-2-otaxiani-bina-qutaisshi/,ქუთაისი,26.0,0.0,ქირავდება დღიურად 2 ოთახიანი ბინა ქუთაისში,ზასტავა,ცხინვალის ქ.,60.0,2025-07-13 14:58,ქირავდება დღიურად
https://www.myhome.ge/pr/20144539/iyideba-3-otaxiani-bina-qutaisshi/,ქუთაისი,62451.0,854.0,იყიდება 3 ოთახიანი ბინა ქუთაისში,ზასტავა,ბუხაიძის ქ. 1ა,73.08,2025-07-13 05:00,იყიდება
https://www.myhome.ge/pr/19764392/qiravdeba-dghiurad-3-otaxiani-bina-qutaisshi/,ქუთაისი,40.0,0.0,ქირავდება დღიურად 3 ოთახიანი ბინა ქუთაისში,ზასტავა,აბაშიძე ი. ქ.,80.0,2025-07-13 01:51,ქირავდება დღიურად
https://www.myhome.ge/pr/20143912/iyideba-2-otaxiani-bina-qutaisshi/,ქუთაისი,40968.0,854.0,იყიდება 2 ოთახიანი ბინა ქუთაისში,ზასტავა,ბუხაიძის ქ. 1ა,47.94,2025-07-12 22:00,იყიდება
https://www.myhome.ge/pr/21591586/iyideba-4-otaxiani-bina-qutaisshi/,ქუთაისი,41978.0,350.0,იყიდება 4 ოთახიანი ბინა ქუთაისში,ნიკეა,ნიკეას ქ.,120.0,2025-07-12 19:56,იყიდება
https://www.myhome.ge/pr/18295891/qiravdeba-2-otaxiani-bina-qutaisshi/,ქუთაისი,400.0,4.0,ქირავდება 2 ოთახიანი ბინა ქუთაისში,ბალახვანი,სადგურის ქ.,90.0,2025-07-12 15:04,ქირავდება თვიურად
https://www.myhome.ge/pr/21489702/qiravdeba-3-otaxiani-bina-qutaisshi/,ქუთაისი,550.0,5.0,ქირავდება 3 ოთახიანი ბინა ქუთაისში,მეფეთუბანი,რუსთაველი შ. გამზირი 1,110.0,2025-07-11 22:06,ქირავდება თვიურად
https://www.myhome.ge/pr/21809487/qiravdeba-dghiurad-2-otaxiani-bina-qutaisshi/,ქუთაისი,37.0,0.0,ქირავდება დღიურად 2 ოთახიანი ბინა ქუთაისში,მეფეთუბანი,პუშკინი ა. ქ. 5,55.0,2025-07-11 16:26,ქირავდება დღიურად
https://www.myhome.ge/pr/20807879/iyideba-2-otaxiani-bina-qutaisshi/,ქუთაისი,42978.0,955.0,იყიდება 2 ოთახიანი ბინა ქუთაისში,ზასტავა,ჯავახიშვილი ი. ქუჩა,45.0,2025-07-09 23:27,იყიდება
https://www.myhome.ge/pr/21126706/qiravdeba-2-otaxiani-bina-qutaisshi/,ქუთაისი,258.0,5.0,ქირავდება 2 ოთახიანი ბინა ქუთაისში,აღმაშენებელი,აღმაშენებლის გამზ. 112,50.0,2025-07-06 00:47,ქირავდება თვიურად
https://www.myhome.ge/pr/21760544/qiravdeba-2-otaxiani-bina-qutaisshi/,ქუთაისი,331.0,6.0,ქირავდება 2 ოთახიანი ბინა ქუთაისში,მეფეთუბანი,ფალიაშვილი ზ. ქ. 23,57.0,2025-07-06 00:44,ქირავდება თვიურად
https://www.myhome.ge/pr/21821598/iyideba-4-otaxiani-bina-qutaisshi/,ქუთაისი,57970.0,743.0,იყიდება 4 ოთახიანი ბინა ქუთაისში,ბალახვანი,განჯის ქ.,78.0,2025-07-13 20:51,იყიდება
https://www.myhome.ge/pr/21821499/iyideba-10-otaxiani-bina-qutaisshi/,ქუთაისი,79959.0,999.0,იყიდება 10+ ოთახიანი ბინა ქუთაისში,ბალახვანი,წერეთლის ქუჩა,80.0,2025-07-13 19:59,იყიდება
https://www.myhome.ge/pr/21821490/qiravdeba-7-otaxiani-bina-qutaisshi/,ქუთაისი,221.0,2.0,ქირავდება 7 ოთახიანი ბინა ქუთაისში,საფიჩხია,კუპრაძის ქ. 355,100.0,2025-07-13 19:55,ქირავდება თვიურად
https://www.myhome.ge/pr/21593437/qiravdeba-4-otaxiani-bina-qutaisshi/,ქუთაისი,600.0,6.0,ქირავდება 4 ოთახიანი ბინა ქუთაისში,მეფეთუბანი,ფალიაშვილი ზ. ქ.,110.0,2025-07-13 19:29,ქირავდება თვიურად
https://www.myhome.ge/pr/21821202/iyideba-3-otaxiani-bina-qutaisshi/,ქუთაისი,84956.0,923.0,იყიდება 3 ოთახიანი ბინა ქუთაისში,მწვანეყვავილა,გელათის ქ.,92.0,2025-07-13 18:21,იყიდება
https://www.myhome.ge/pr/21821194/iyideba-2-otaxiani-bina-qutaisshi/,ქუთაისი,56071.0,1100.0,იყიდება 2 ოთახიანი ბინა ქუთაისში,ზასტავა,რუსთაველის შეს.,51.0,2025-07-13 18:18,იყიდება
https://www.myhome.ge/pr/20295406/qiravdeba-dghiurad-1-otaxiani-bina-qutaisshi/,ქუთაისი,26.0,0.0,ქირავდება დღიურად 1 ოთახიანი ბინა ქუთაისში,ზასტავა,ჯავახიშვილი ი. ქუჩა 77,47.0,2025-07-13 17:19,ქირავდება დღიურად
https://www.myhome.ge/pr/21820913/iyideba-2-otaxiani-bina-qutaisshi/,ქუთაისი,47975.0,800.0,იყიდება 2 ოთახიანი ბინა ქუთაისში,ზასტავა,ბუხაიძის ქ.,60.0,2025-07-13 17:15,იყიდება
https://www.myhome.ge/pr/21763943/qiravdeba-3-otaxiani-bina-qutaisshi/,ქუთაისი,405.0,6.0,ქირავდება 3 ოთახიანი ბინა ქუთაისში,ზასტავა,რუსთაველის შეს. 24,75.0,2025-07-13 17:00,ქირავდება თვიურად
https://www.myhome.ge/pr/21820724/qiravdeba-3-otaxiani-bina-qutaisshi/,ქუთაისი,600.0,9.0,ქირავდება 3 ოთახიანი ბინა ქუთაისში,აღმაშენებელი,აღმაშენებლის გამზ.,65.0,2025-07-13 16:46,ქირავდება თვიურად
https://www.myhome.ge/pr/21820645/iyideba-3-otaxiani-bina-qutaisshi/,ქუთაისი,68965.0,932.0,იყიდება 3 ოთახიანი ბინა ქუთაისში,ავტოქარხანა,ბუკიას ქ.,74.0,2025-07-13 16:33,იყიდება
https://www.myhome.ge/pr/12002074/qiravdeba-dghiurad-1-otaxiani-bina-qutaisshi/,ქუთაისი,15.0,0.0,ქირავდება დღიურად 1 ოთახიანი ბინა ქუთაისში,არ არის მოწოდებული,52,35.0,2025-07-13 16:29,ქირავდება დღიურად
https://www.myhome.ge/pr/14818627/qiravdeba-dghiurad-2-otaxiani-bina-qutaisshi/,ქუთაისი,18.0,0.0,ქირავდება დღიურად 2 ოთახიანი ბინა ქუთაისში,აღმაშენებელი,აღმაშენებლის გამზ.,35.0,2025-07-13 16:29,ქირავდება დღიურად
https://www.myhome.ge/pr/19310784/qiravdeba-dghiurad-2-otaxiani-bina-qutaisshi/,ქუთაისი,18.0,0.0,ქირავდება დღიურად 2 ოთახიანი ბინა ქუთაისში,აღმაშენებელი,აღმაშენებლის გამზ. 129,35.0,2025-07-13 16:29,ქირავდება დღიურად
https://www.myhome.ge/pr/12096128/qiravdeba-dghiurad-2-otaxiani-bina-qutaisshi/,ქუთაისი,18.0,0.0,ქირავდება დღიურად 2 ოთახიანი ბინა ქუთაისში,მეფეთუბანი,ვარლამიშვილის ქ. 4,35.0,2025-07-13 16:29,ქირავდება დღიურად
https://www.myhome.ge/pr/13473521/qiravdeba-dghiurad-1-otaxiani-bina-qutaisshi/,ქუთაისი,15.0,0.0,ქირავდება დღიურად 1 ოთახიანი ბინა ქუთაისში,ჭავჭავაძე,ჭავჭავაძის გამზ.,31.0,2025-07-13 16:29,ქირავდება დღიურად
https://www.myhome.ge/pr/16641137/qiravdeba-dghiurad-2-otaxiani-bina-qutaisshi/,ქუთაისი,18.0,0.0,ქირავდება დღიურად 2 ოთახიანი ბინა ქუთაისში,აღმაშენებელი,აღმაშენებლის გამზ.,35.0,2025-07-13 16:29,ქირავდება დღიურად
https://www.myhome.ge/pr/21266442/qiravdeba-4-otaxiani-bina-qutaisshi/,ქუთაისი,294.0,3.0,ქირავდება 4 ოთახიანი ბინა ქუთაისში,ზასტავა,ბუხაიძის ქ.,90.0,2025-07-13 16:00,ქირავდება თვიურად
https://www.myhome.ge/pr/21449593/iyideba-4-otaxiani-bina-qutaisshi/,ქუთაისი,59969.0,800.0,იყიდება 4 ოთახიანი ბინა ქუთაისში,ზასტავა,ბუხაიძის ქ. 22,75.0,2025-07-13 16:00,იყიდება
https://www.myhome.ge/pr/21458464/qiravdeba-3-otaxiani-bina-qutaisshi/,ქუთაისი,442.0,7.0,ქირავდება 3 ოთახიანი ბინა ქუთაისში,ჭავჭავაძე,მელიქიშვილი პ. ქ. 8ა,60.0,2025-07-13 14:41,ქირავდება თვიურად
https://www.myhome.ge/pr/21819920/iyideba-3-otaxiani-bina-qutaisshi/,ქუთაისი,71508.0,949.0,იყიდება 3 ოთახიანი ბინა ქუთაისში,ზასტავა,ჯავახიშვილი ი. ქუჩა 20ა,75.31,2025-07-13 14:23,იყიდება
https://www.myhome.ge/pr/21821615/qiravdeba-2-otaxiani-bina-batumshi/,ბათუმი,750.0,14.0,ქირავდება 2 ოთახიანი ბინა ბათუმში,რუსთაველის უბანი,26 მაისის ქ. 13,55.0,2025-07-13 21:04,ქირავდება თვიურად
https://www.myhome.ge/pr/21721725/iyideba-3-otaxiani-bina-batumshi/,ბათუმი,179908.0,1855.0,იყიდება 3 ოთახიანი ბინა ბათუმში,რუსთაველის უბანი,26 მაისის ქ. 10,97.0,2025-07-13 21:00,იყიდება
https://www.myhome.ge/pr/21604957/qiravdeba-3-otaxiani-bina-batumshi/,ბათუმი,899.0,9.0,ქირავდება 3 ოთახიანი ბინა ბათუმში,რუსთაველის უბანი,გორგილაძე ზ. ქუჩა 92,100.0,2025-07-13 20:17,ქირავდება თვიურად
https://www.myhome.ge/pr/21761554/qiravdeba-dghiurad-3-otaxiani-bina-batumshi/,ბათუმი,36.0,0.0,ქირავდება დღიურად 3 ოთახიანი ბინა ბათუმში,ხიმშიაშვილის უბანი,კობალაძე ი. ქ. 8ა,50.0,2025-07-13 20:12,ქირავდება დღიურად
https://www.myhome.ge/pr/19753367/qiravdeba-2-otaxiani-bina-batumshi/,ბათუმი,899.0,14.0,ქირავდება 2 ოთახიანი ბინა ბათუმში,ხიმშიაშვილის უბანი,ფიროსმანი ნ. ქ. 18,65.0,2025-07-13 19:46,ქირავდება თვიურად
https://www.myhome.ge/pr/21465975/qiravdeba-dghiurad-1-otaxiani-bina-batumshi/,ბათუმი,44.0,1.0,ქირავდება დღიურად 1 ოთახიანი ბინა ბათუმში,ხიმშიაშვილის უბანი,ხიმშიაშვილი შ. ქ. 72ა,30.0,2025-07-13 19:45,ქირავდება დღიურად
https://www.myhome.ge/pr/20695783/qiravdeba-2-otaxiani-bina-batumshi/,ბათუმი,330.0,8.0,ქირავდება 2 ოთახიანი ბინა ბათუმში,რუსთაველის უბანი,გრიბოედოვი ა. ქ. 51,40.0,2025-07-13 19:39,ქირავდება თვიურად
https://www.myhome.ge/pr/21430817/qiravdeba-dghiurad-1-otaxiani-bina-batumshi/,ბათუმი,55.0,1.0,ქირავდება დღიურად 1 ოთახიანი ბინა ბათუმში,ხიმშიაშვილის უბანი,ხიმშიაშვილი შ. ქ. 7,33.0,2025-07-13 19:34,ქირავდება დღიურად
https://www.myhome.ge/pr/21821447/iyideba-2-otaxiani-bina-batumshi/,ბათუმი,109394.0,1989.0,იყიდება 2 ოთახიანი ბინა ბათუმში,აეროპორტის უბანი,ლეხ და მარია კაჩინსკების ქუჩა 5,55.0,2025-07-13 19:29,იყიდება
https://www.myhome.ge/pr/11180147/qiravdeba-dghiurad-1-otaxiani-bina-batumshi/,ბათუმი,37.0,1.0,ქირავდება დღიურად 1 ოთახიანი ბინა ბათუმში,ხიმშიაშვილის უბანი,ხიმშიაშვილი შ. ქ.,33.0,2025-07-13 19:27,ქირავდება დღიურად
https://www.myhome.ge/pr/21821274/iyideba-2-otaxiani-bina-batumshi/,ბათუმი,47975.0,1333.0,იყიდება 2 ოთახიანი ბინა ბათუმში,აეროპორტის უბანი,ელიავა გრ. ქ. 32,36.0,2025-07-13 18:40,იყიდება
https://www.myhome.ge/pr/17655551/qiravdeba-dghiurad-1-otaxiani-bina-batumshi/,ბათუმი,37.0,1.0,ქირავდება დღიურად 1 ოთახიანი ბინა ბათუმში,ხიმშიაშვილის უბანი,გორგილაძე ზ. ქუჩა,35.0,2025-07-13 18:36,ქირავდება დღიურად
https://www.myhome.ge/pr/18987731/qiravdeba-dghiurad-1-otaxiani-bina-batumshi/,ბათუმი,29.0,0.0,ქირავდება დღიურად 1 ოთახიანი ბინა ბათუმში,ხიმშიაშვილის უბანი,ხიმშიაშვილი შ. ქ.,35.0,2025-07-13 18:35,ქირავდება დღიურად
https://www.myhome.ge/pr/18493968/qiravdeba-dghiurad-1-otaxiani-bina-batumshi/,ბათუმი,40.0,1.0,ქირავდება დღიურად 1 ოთახიანი ბინა ბათუმში,ხიმშიაშვილის უბანი,ხიმშიაშვილი შ. ქ. 7ბ,33.0,2025-07-13 18:29,ქირავდება დღიურად
https://www.myhome.ge/pr/16220387/qiravdeba-dghiurad-1-otaxiani-bina-batumshi/,ბათუმი,37.0,1.0,ქირავდება დღიურად 1 ოთახიანი ბინა ბათუმში,ხიმშიაშვილის უბანი,კობალაძე ი. ქ.,33.0,2025-07-13 18:03,ქირავდება დღიურად
https://www.myhome.ge/pr/21821009/iyideba-1-otaxiani-bina-batumshi/,ბათუმი,0.0,0.0,იყიდება 1 ოთახიანი ბინა ბათუმში,აეროპორტის უბანი,ანგისის II ჩიხი 10,33.0,2025-07-13 17:42,იყიდება
https://www.myhome.ge/pr/21821006/qiravdeba-dghiurad-1-otaxiani-bina-batumshi/,ბათუმი,37.0,1.0,ქირავდება დღიურად 1 ოთახიანი ბინა ბათუმში,ხიმშიაშვილის უბანი,კობალაძე ი. ქ. 15,36.0,2025-07-13 17:35,ქირავდება დღიურად
https://www.myhome.ge/pr/21448195/qiravdeba-dghiurad-2-otaxiani-bina-batumshi/,ბათუმი,48.0,0.0,ქირავდება დღიურად 2 ოთახიანი ბინა ბათუმში,ხიმშიაშვილის უბანი,კობალაძე ი. ქ.,50.0,2025-07-13 16:50,ქირავდება დღიურად
https://www.myhome.ge/pr/21649934/qiravdeba-dghiurad-3-otaxiani-bina-batumshi/,ბათუმი,66.0,1.0,ქირავდება დღიურად 3 ოთახიანი ბინა ბათუმში,ხიმშიაშვილის უბანი,ხიმშიაშვილი შ. ქ. 4,60.0,2025-07-13 16:44,ქირავდება დღიურად
https://www.myhome.ge/pr/18397993/qiravdeba-dghiurad-1-otaxiani-bina-batumshi/,ბათუმი,37.0,1.0,ქირავდება დღიურად 1 ოთახიანი ბინა ბათუმში,ხიმშიაშვილის უბანი,ხიმშიაშვილი შ. ქ.,33.0,2025-07-13 16:18,ქირავდება დღიურად
https://www.myhome.ge/pr/21648664/qiravdeba-dghiurad-4-otaxiani-bina-batumshi/,ბათუმი,120.0,1.0,ქირავდება დღიურად 4 ოთახიანი ბინა ბათუმში,რუსთაველის უბანი,ყაზბეგი ა. ქ. 11,112.0,2025-07-13 15:57,ქირავდება დღიურად
https://www.myhome.ge/pr/14265767/qiravdeba-dghiurad-1-otaxiani-bina-batumshi/,ბათუმი,44.0,1.0,ქირავდება დღიურად 1 ოთახიანი ბინა ბათუმში,ხიმშიაშვილის უბანი,ხიმშიაშვილი შ. ქ. 7ბ,35.0,2025-07-13 15:48,ქირავდება დღიურად
https://www.myhome.ge/pr/21705871/qiravdeba-dghiurad-3-otaxiani-bina-batumshi/,ბათუმი,92.0,1.0,ქირავდება დღიურად 3 ოთახიანი ბინა ბათუმში,ხიმშიაშვილის უბანი,ფიროსმანი ნ. ქ. 14,74.0,2025-07-13 15:37,ქირავდება დღიურად
https://www.myhome.ge/pr/21287520/qiravdeba-dghiurad-1-otaxiani-bina-batumshi/,ბათუმი,29.0,0.0,ქირავდება დღიურად 1 ოთახიანი ბინა ბათუმში,აეროპორტის უბანი,ანგისის 3 ჩიხი,30.0,2025-07-13 15:35,ქირავდება დღიურად
https://www.myhome.ge/pr/21763804/qiravdeba-dghiurad-1-otaxiani-bina-batumshi/,ბათუმი,48.0,1.0,ქირავდება დღიურად 1 ოთახიანი ბინა ბათუმში,გონიო,ანდრია პირველწოდებულის გზატკეცილი 32,25.0,2025-07-13 15:15,ქირავდება დღიურად
https://www.myhome.ge/pr/21376447/qiravdeba-dghiurad-1-otaxiani-bina-batumshi/,ბათუმი,37.0,1.0,ქირავდება დღიურად 1 ოთახიანი ბინა ბათუმში,ხიმშიაშვილის უბანი,ხიმშიაშვილი შ. ქ.,30.0,2025-07-13 15:07,ქირავდება დღიურად
https://www.myhome.ge/pr/21718281/qiravdeba-dghiurad-2-otaxiani-bina-batumshi/,ბათუმი,48.0,0.0,ქირავდება დღიურად 2 ოთახიანი ბინა ბათუმში,ხიმშიაშვილის უბანი,ხიმშიაშვილი შ. ქ. 51,55.0,2025-07-13 15:04,ქირავდება დღიურად
https://www.myhome.ge/pr/21759660/qiravdeba-dghiurad-3-otaxiani-bina-batumshi/,ბათუმი,55.0,1.0,ქირავდება დღიურად 3 ოთახიანი ბინა ბათუმში,ხიმშიაშვილის უბანი,ხიმშიაშვილი შ. ქ.,55.0,2025-07-13 14:43,ქირავდება დღიურად
https://www.myhome.ge/pr/21307158/qiravdeba-2-otaxiani-bina-batumshi/,ბათუმი,700.0,18.0,ქირავდება 2 ოთახიანი ბინა ბათუმში,აეროპორტის უბანი,ნიჟარაძე რ. ქუჩა 20,40.0,2025-07-13 14:43,ქირავდება თვიურად
https://www.myhome.ge/pr/18643309/qiravdeba-2-otaxiani-bina-batumshi/,ბათუმი,600.0,12.0,ქირავდება 2 ოთახიანი ბინა ბათუმში,ხიმშიაშვილის უბანი,ხიმშიაშვილი შ. ქ. 65,50.0,2025-07-13 14:00,ქირავდება თვიურად
https://www.myhome.ge/pr/21803857/qiravdeba-dghiurad-3-otaxiani-bina-batumshi/,ბათუმი,55.0,1.0,ქირავდება დღიურად 3 ოთახიანი ბინა ბათუმში,ძველი ბათუმის უბანი,რუსთაველის ქ. 27,38.0,2025-07-13 13:32,ქირავდება დღიურად
https://www.myhome.ge/pr/18595176/qiravdeba-dghiurad-1-otaxiani-bina-batumshi/,ბათუმი,52.0,1.0,ქირავდება დღიურად 1 ოთახიანი ბინა ბათუმში,ხიმშიაშვილის უბანი,ხიმშიაშვილი შ. ქ. 5,33.0,2025-07-13 12:57,ქირავდება დღიურად
https://www.myhome.ge/pr/21761139/qiravdeba-dghiurad-2-otaxiani-bina-batumshi/,ბათუმი,37.0,0.0,ქირავდება დღიურად 2 ოთახიანი ბინა ბათუმში,ხიმშიაშვილის უბანი,კობალაძე ი. ქ.,42.0,2025-07-13 12:46,ქირავდება დღიურად
https://www.myhome.ge/pr/21609284/qiravdeba-dghiurad-1-otaxiani-bina-batumshi/,ბათუმი,40.0,1.0,ქირავდება დღიურად 1 ოთახიანი ბინა ბათუმში,რუსთაველის უბანი,ხიმშიაშვილი ს. ქ. 5,33.0,2025-07-13 12:29,ქირავდება დღიურად
https://www.myhome.ge/pr/21272062/qiravdeba-dghiurad-1-otaxiani-bina-batumshi/,ბათუმი,37.0,0.0,ქირავდება დღიურად 1 ოთახიანი ბინა ბათუმში,ხიმშიაშვილის უბანი,ხიმშიაშვილი შ. ქ. 65,40.0,2025-07-13 12:27,ქირავდება დღიურად
https://www.myhome.ge/pr/21182357/qiravdeba-dghiurad-3-otaxiani-bina-batumshi/,ბათუმი,44.0,0.0,ქირავდება დღიურად 3 ოთახიანი ბინა ბათუმში,ხიმშიაშვილის უბანი,კობალაძე ი. ქ. 8ა,50.0,2025-07-13 12:22,ქირავდება დღიურად
https://www.myhome.ge/pr/21691477/qiravdeba-dghiurad-3-otaxiani-bina-batumshi/,ბათუმი,44.0,0.0,ქირავდება დღიურად 3 ოთახიანი ბინა ბათუმში,ხიმშიაშვილის უბანი,კობალაძე ი. ქ. 6,60.0,2025-07-13 12:14,ქირავდება დღიურად
https://www.myhome.ge/pr/21819107/qiravdeba-dghiurad-1-otaxiani-bina-batumshi/,ბათუმი,48.0,1.0,ქირავდება დღიურად 1 ოთახიანი ბინა ბათუმში,ხიმშიაშვილის უბანი,ხიმშიაშვილი შ. ქ. 7,33.0,2025-07-13 11:14,ქირავდება დღიურად
https://www.myhome.ge/pr/17062732/qiravdeba-dghiurad-2-otaxiani-bina-batumshi/,ბათუმი,52.0,1.0,ქირავდება დღიურად 2 ოთახიანი ბინა ბათუმში,რუსთაველის უბანი,ხიმშიაშვილი ს. ქ.,40.0,2025-07-13 10:49,ქირავდება დღიურად
https://www.myhome.ge/pr/20004607/iyideba-2-otaxiani-bina-batumshi/,ბათუმი,128934.0,2579.0,იყიდება 2 ოთახიანი ბინა ბათუმში,ხიმშიაშვილის უბანი,ხიმშიაშვილი შ. ქ. 5,50.0,2025-07-13 10:32,იყიდება
https://home.ss.ge/ka/udzravi-qoneba/iyideba-3-otaxiani-bina-mesame-masivshi-32666770,თბილისი,96900.0,1101.0,იყიდება 3 ოთახიანი ბინა მესამე მასივში,არ არის მოწოდებული,ფანასკერტელ-ციციშვილის ქ.,88.0,2025-07-13 21:09,იყიდება
https://home.ss.ge/ka/udzravi-qoneba/qiravdeba-1-otaxiani-bina-muxianshi-28861997,თბილისი,202.0,8.0,ქირავდება 1 ოთახიანი ბინა მუხიანში,არ არის მოწოდებული,ნონეშვილის ქ.,25.0,2025-07-13 21:08,ქირავდება თვიურად
https://home.ss.ge/ka/udzravi-qoneba/iyideba-3-otaxiani-bina-did-dighomshi-32666755,თბილისი,50000.0,303.0,იყიდება 3 ოთახიანი ბინა დიდ დიღომში,არ არის მოწოდებული,არჩილ მეფის ქ.,165.0,2025-07-13 21:08,იყიდება
https://home.ss.ge/ka/udzravi-qoneba/qiravdeba-2-otaxiani-bina-didubeshi-32664300,თბილისი,850.0,13.0,ქირავდება 2 ოთახიანი ბინა დიდუბეში,არ არის მოწოდებული,ხოშარაულის ქ.,65.0,2025-07-13 21:05,ქირავდება თვიურად
https://home.ss.ge/ka/udzravi-qoneba/qiravdeba-3-otaxiani-bina-vakeshi-32666760,თბილისი,1500.0,10.0,ქირავდება 3 ოთახიანი ბინა ვაკეში,არ არის მოწოდებული,ი.ჭავჭავაძის გამზ.,138.0,2025-07-13 21:04,ქირავდება თვიურად
https://home.ss.ge/ka/udzravi-qoneba/qiravdeba-3-otaxiani-bina-muxianshi-32666541,თბილისი,600.0,8.0,ქირავდება 3 ოთახიანი ბინა მუხიანში,არ არის მოწოდებული,გობრონიძის ქ.,68.0,2025-07-13 21:04,ქირავდება თვიურად
https://home.ss.ge/ka/udzravi-qoneba/iyideba-2-otaxiani-bina-dighmis-masivshi-32610449,თბილისი,85000.0,1666.0,იყიდება 2 ოთახიანი ბინა დიღმის მასივში,არ არის მოწოდებული,ბელიაშვილის ქ.,51.0,2025-07-13 21:04,იყიდება
https://home.ss.ge/ka/udzravi-qoneba/iyideba-3-otaxiani-bina-mesame-masivshi-32666759,თბილისი,89600.0,1106.0,იყიდება 3 ოთახიანი ბინა მესამე მასივში,არ არის მოწოდებული,ფანასკერტელ-ციციშვილის ქ.,81.0,2025-07-13 21:03,იყიდება
https://home.ss.ge/ka/udzravi-qoneba/qiravdeba-2-otaxiani-bina-saburtaloze-32509240,თბილისი,500.0,8.0,ქირავდება 2 ოთახიანი ბინა საბურთალოზე,არ არის მოწოდებული,ბოჭორიშვილის ქ.,60.0,2025-07-13 21:03,ქირავდება თვიურად
https://home.ss.ge/ka/udzravi-qoneba/iyideba-3-otaxiani-bina-isanshi-31849758,თბილისი,79200.0,1200.0,იყიდება 3 ოთახიანი ბინა ისანში,არ არის მოწოდებული,შ.ნადირაშვილის ქ.,66.0,2025-07-13 21:03,იყიდება
https://home.ss.ge/ka/udzravi-qoneba/qiravdeba-2-otaxiani-bina-ortatchalashi-32094545,თბილისი,442.0,6.0,ქირავდება 2 ოთახიანი ბინა ორთაჭალაში,არ არის მოწოდებული,გორგასლის ქ.,65.0,2025-07-13 21:03,ქირავდება თვიურად
https://home.ss.ge/ka/udzravi-qoneba/iyideba-4-otaxiani-bina-saburtaloze-32533348,თბილისი,179000.0,1864.0,იყიდება 4 ოთახიანი ბინა საბურთალოზე,არ არის მოწოდებული,უნივერსიტეტის ქ.,96.0,2025-07-13 21:03,იყიდება
https://home.ss.ge/ka/udzravi-qoneba/qiravdeba-3-otaxiani-bina-saburtaloze-32665622,თბილისი,800.0,5.0,ქირავდება 3 ოთახიანი ბინა საბურთალოზე,არ არის მოწოდებული,ქავთარაძის ქ.,150.0,2025-07-13 21:03,ქირავდება თვიურად
https://home.ss.ge/ka/udzravi-qoneba/iyideba-2-otaxiani-bina-vakeshi-32664468,თბილისი,120000.0,2000.0,იყიდება 2 ოთახიანი ბინა ვაკეში,არ არის მოწოდებული,ნ. ჟვანიას ქ.,60.0,2025-07-13 21:03,იყიდება
https://home.ss.ge/ka/udzravi-qoneba/iyideba-3-otaxiani-bina-muxianshi-32082480,თბილისი,58300.0,955.0,იყიდება 3 ოთახიანი ბინა მუხიანში,არ არის მოწოდებული,გობრონიძის ქ.,61.4,2025-07-13 21:03,იყიდება
https://home.ss.ge/ka/udzravi-qoneba/qiravdeba-2-otaxiani-bina-saburtaloze-32664074,თბილისი,700.0,15.0,ქირავდება 2 ოთახიანი ბინა საბურთალოზე,არ არის მოწოდებული,მარშალ გელოვანის გამზ.,45.0,2025-07-13 21:03,ქირავდება თვიურად
https://home.ss.ge/ka/udzravi-qoneba/giravdeba-2-otaxiani-bina-nucubidzis-ferdobze-28060539,თბილისი,13000.0,185.0,გირავდება 2 ოთახიანი ბინა ნუცუბიძის ფერდობზე,არ არის მოწოდებული,ნუცუბიძის IV პლატო,70.0,2025-07-13 21:03,გირავდება
https://home.ss.ge/ka/udzravi-qoneba/iyideba-2-otaxiani-bina-lisis-tbaze-31653663,თბილისი,74200.0,1400.0,იყიდება 2 ოთახიანი ბინა ლისის ტბაზე,არ არის მოწოდებული,ავთო ვარაზის ქ.,53.0,2025-07-13 21:03,იყიდება
https://home.ss.ge/ka/udzravi-qoneba/qiravdeba-2-otaxiani-bina-saburtaloze-32518728,თბილისი,650.0,12.0,ქირავდება 2 ოთახიანი ბინა საბურთალოზე,არ არის მოწოდებული,იყალთოს გორა,54.0,2025-07-13 21:03,ქირავდება თვიურად
https://home.ss.ge/ka/udzravi-qoneba/qiravdeba-3-otaxiani-bina-safichxiaze-7864264,ქუთაისი,1050.0,13.0,ქირავდება 3 ოთახიანი ბინა ქუთაისში,არ არის მოწოდებული,თამარ მეფის ქ.,76.0,2025-07-13 21:03,ქირავდება თვიურად
https://home.ss.ge/ka/udzravi-qoneba/iyideba-2-otaxiani-bina-gora-saqusliaze-7165156,ქუთაისი,45000.0,661.0,იყიდება 2 ოთახიანი ბინა ქუთაისში,არ არის მოწოდებული,შერვაშიძის ქუჩა,68.0,2025-07-13 20:45,იყიდება
https://home.ss.ge/ka/udzravi-qoneba/qiravdeba-dghiurad-2-otaxiani-bina-gabashvilis-goraze-29333268,ქუთაისი,33.0,0.0,ქირავდება დღიურად 2 ოთახიანი ბინა ქუთაისში,არ არის მოწოდებული,ი. პეტრიწის ქუჩა,45.0,2025-07-13 20:45,ქირავდება დღიურად
https://home.ss.ge/ka/udzravi-qoneba/qiravdeba-dghiurad-1-otaxiani-bina-tchavtchavadzis-dasaxlebashi-27959226,ქუთაისი,22.0,0.0,ქირავდება დღიურად 1 ოთახიანი ბინა ქუთაისში,არ არის მოწოდებული,ი. ჭავჭავაძის გამზირი,30.0,2025-07-13 20:37,ქირავდება დღიურად
https://home.ss.ge/ka/udzravi-qoneba/qiravdeba-3-otaxiani-bina-aghmasheneblis-dasaxlebashi-29609204,ქუთაისი,500.0,5.0,ქირავდება 3 ოთახიანი ბინა ქუთაისში,არ არის მოწოდებული,დ. აღმაშენებლის გამზირი,100.0,2025-07-13 20:09,ქირავდება თვიურად
https://home.ss.ge/ka/udzravi-qoneba/qiravdeba-3-otaxiani-bina-zastavashi-29455914,ქუთაისი,294.0,3.0,ქირავდება 3 ოთახიანი ბინა ქუთაისში,არ არის მოწოდებული,ზვიად გამსახურდიას ქ.,80.0,2025-07-13 20:09,ქირავდება თვიურად
https://home.ss.ge/ka/udzravi-qoneba/qiravdeba-dghiurad-2-otaxiani-bina-aghmasheneblis-dasaxlebashi-32666562,ქუთაისი,18.0,0.0,ქირავდება დღიურად 2 ოთახიანი ბინა ქუთაისში,არ არის მოწოდებული,დ. აღმაშენებლის გამზირი,65.0,2025-07-13 20:09,ქირავდება დღიურად
https://home.ss.ge/ka/udzravi-qoneba/qiravdeba-dghiurad-2-otaxiani-bina-balaxvanshi-32260687,ქუთაისი,29.0,0.0,ქირავდება დღიურად 2 ოთახიანი ბინა ქუთაისში,არ არის მოწოდებული,განჯის ქუჩა,50.0,2025-07-13 19:09,ქირავდება დღიურად
https://home.ss.ge/ka/udzravi-qoneba/qiravdeba-2-otaxiani-bina-balaxvanshi-6585944,ქუთაისი,350.0,7.0,ქირავდება 2 ოთახიანი ბინა ქუთაისში,არ არის მოწოდებული,თამარ მეფის II შეს.,45.0,2025-07-13 19:09,ქირავდება თვიურად
https://home.ss.ge/ka/udzravi-qoneba/qiravdeba-dghiurad-2-otaxiani-bina-tchavtchavadzis-dasaxlebashi-28688202,ქუთაისი,29.0,0.0,ქირავდება დღიურად 2 ოთახიანი ბინა ქუთაისში,არ არის მოწოდებული,ი. ჭავჭავაძის გამზირი,42.0,2025-07-13 19:09,ქირავდება დღიურად
https://home.ss.ge/ka/udzravi-qoneba/qiravdeba-dghiurad-1-otaxiani-bina-tchavtchavadzis-dasaxlebashi-5151565,ქუთაისი,22.0,0.0,ქირავდება დღიურად 1 ოთახიანი ბინა ქუთაისში,არ არის მოწოდებული,ი. ჭავჭავაძის გამზირი,45.0,2025-07-13 19:09,ქირავდება დღიურად
https://home.ss.ge/ka/udzravi-qoneba/qiravdeba-dghiurad-2-otaxiani-bina-tchavtchavadzis-dasaxlebashi-31730248,ქუთაისი,29.0,0.0,ქირავდება დღიურად 2 ოთახიანი ბინა ქუთაისში,არ არის მოწოდებული,ი. ჭავჭავაძის გამზირი,42.0,2025-07-13 19:09,ქირავდება დღიურად
https://home.ss.ge/ka/udzravi-qoneba/qiravdeba-dghiurad-2-otaxiani-bina-tchavtchavadzis-dasaxlebashi-31730344,ქუთაისი,29.0,0.0,ქირავდება დღიურად 2 ოთახიანი ბინა ქუთაისში,არ არის მოწოდებული,ი. ჭავჭავაძის გამზირი,32.0,2025-07-13 19:09,ქირავდება დღიურად
https://home.ss.ge/ka/udzravi-qoneba/qiravdeba-dghiurad-1-otaxiani-bina-tchavtchavadzis-dasaxlebashi-31323920,ქუთაისი,26.0,0.0,ქირავდება დღიურად 1 ოთახიანი ბინა ქუთაისში,არ არის მოწოდებული,ი. ჭავჭავაძის გამზირი,39.0,2025-07-13 19:09,ქირავდება დღიურად
https://home.ss.ge/ka/udzravi-qoneba/qiravdeba-dghiurad-1-otaxiani-bina-safichxiaze-5151601,ქუთაისი,26.0,0.0,ქირავდება დღიურად 1 ოთახიანი ბინა ქუთაისში,არ არის მოწოდებული,თამარ მეფის I ჩიხი,32.0,2025-07-13 19:09,ქირავდება დღიურად
https://home.ss.ge/ka/udzravi-qoneba/qiravdeba-dghiurad-2-otaxiani-bina-tchavtchavadzis-dasaxlebashi-28688236,ქუთაისი,29.0,0.0,ქირავდება დღიურად 2 ოთახიანი ბინა ქუთაისში,არ არის მოწოდებული,ი. ჭავჭავაძის გამზირი,42.0,2025-07-13 19:09,ქირავდება დღიურად
https://home.ss.ge/ka/udzravi-qoneba/qiravdeba-dghiurad-1-otaxiani-bina-tchavtchavadzis-dasaxlebashi-31324144,ქუთაისი,26.0,0.0,ქირავდება დღიურად 1 ოთახიანი ბინა ქუთაისში,არ არის მოწოდებული,ი. ჭავჭავაძის გამზირი,39.0,2025-07-13 19:09,ქირავდება დღიურად
https://home.ss.ge/ka/udzravi-qoneba/qiravdeba-dghiurad-1-otaxiani-bina-aghmasheneblis-dasaxlebashi-7579842,ქუთაისი,22.0,0.0,ქირავდება დღიურად 1 ოთახიანი ბინა ქუთაისში,არ არის მოწოდებული,დ. აღმაშენებლის გამზირი,36.0,2025-07-13 19:09,ქირავდება დღიურად
https://home.ss.ge/ka/udzravi-qoneba/qiravdeba-dghiurad-2-otaxiani-bina-aghmasheneblis-dasaxlebashi-5151532,ქუთაისი,26.0,0.0,ქირავდება დღიურად 2 ოთახიანი ბინა ქუთაისში,არ არის მოწოდებული,დ. აღმაშენებლის გამზირი,49.0,2025-07-13 19:09,ქირავდება დღიურად
https://home.ss.ge/ka/udzravi-qoneba/qiravdeba-dghiurad-2-otaxiani-bina-aghmasheneblis-dasaxlebashi-6252408,ქუთაისი,22.0,0.0,ქირავდება დღიურად 2 ოთახიანი ბინა ქუთაისში,არ არის მოწოდებული,დ. აღმაშენებლის გამზირი,45.0,2025-07-13 19:09,ქირავდება დღიურად
https://home.ss.ge/ka/udzravi-qoneba/qiravdeba-dghiurad-1-otaxiani-bina-safichxiaze-5151680,ქუთაისი,22.0,0.0,ქირავდება დღიურად 1 ოთახიანი ბინა ქუთაისში,არ არის მოწოდებული,თამარ მეფის I ჩიხი,32.0,2025-07-13 19:09,ქირავდება დღიურად
https://home.ss.ge/ka/udzravi-qoneba/qiravdeba-dghiurad-2-otaxiani-bina-aghmasheneblis-dasaxlebashi-27865981,ქუთაისი,29.0,0.0,ქირავდება დღიურად 2 ოთახიანი ბინა ქუთაისში,არ არის მოწოდებული,დ. აღმაშენებლის გამზირი,37.0,2025-07-13 19:09,ქირავდება დღიურად
https://home.ss.ge/ka/udzravi-qoneba/qiravdeba-dghiurad-2-otaxiani-bina-aghmasheneblis-dasaxlebashi-6353773,ქუთაისი,26.0,0.0,ქირავდება დღიურად 2 ოთახიანი ბინა ქუთაისში,არ არის მოწოდებული,დ. აღმაშენებლის გამზირი,48.0,2025-07-13 19:09,ქირავდება დღიურად
https://home.ss.ge/ka/udzravi-qoneba/qiravdeba-dghiurad-2-otaxiani-bina-aghmasheneblis-dasaxlebashi-5151728,ქუთაისი,22.0,0.0,ქირავდება დღიურად 2 ოთახიანი ბინა ქუთაისში,არ არის მოწოდებული,დ. აღმაშენებლის გამზირი,50.0,2025-07-13 19:09,ქირავდება დღიურად
https://home.ss.ge/ka/udzravi-qoneba/qiravdeba-dghiurad-2-otaxiani-bina-tchavtchavadzis-dasaxlebashi-5151653,ქუთაისი,18.0,0.0,ქირავდება დღიურად 2 ოთახიანი ბინა ქუთაისში,არ არის მოწოდებული,ი. ჭავჭავაძის გამზირი,48.0,2025-07-13 19:09,ქირავდება დღიურად
https://home.ss.ge/ka/udzravi-qoneba/qiravdeba-dghiurad-2-otaxiani-bina-balaxvanshi-32286964,ქუთაისი,15.0,0.0,ქირავდება დღიურად 2 ოთახიანი ბინა ქუთაისში,არ არის მოწოდებული,თამარ მეფის ქუჩა,60.0,2025-07-13 18:09,ქირავდება დღიურად
https://home.ss.ge/ka/udzravi-qoneba/qiravdeba-dghiurad-3-otaxiani-bina-balaxvanshi-32617861,ქუთაისი,44.0,0.0,ქირავდება დღიურად 3 ოთახიანი ბინა ქუთაისში,არ არის მოწოდებული,თამარ მეფის ქუჩა,60.0,2025-07-13 18:09,ქირავდება დღიურად
https://home.ss.ge/ka/udzravi-qoneba/qiravdeba-dghiurad-2-otaxiani-bina-zastavashi-32481868,ქუთაისი,29.0,0.0,ქირავდება დღიურად 2 ოთახიანი ბინა ქუთაისში,არ არის მოწოდებული,ბუხაიძის ქუჩა,60.0,2025-07-13 18:09,ქირავდება დღიურად
https://home.ss.ge/ka/udzravi-qoneba/qiravdeba-dghiurad-1-otaxiani-bina-tchavtchavadzis-dasaxlebashi-32336731,ქუთაისი,15.0,0.0,ქირავდება დღიურად 1 ოთახიანი ბინა ქუთაისში,არ არის მოწოდებული,ი. ჭავჭავაძის გამზირი,45.0,2025-07-13 18:09,ქირავდება დღიურად
https://home.ss.ge/ka/udzravi-qoneba/qiravdeba-dghiurad-1-otaxiani-bina-tchavtchavadzis-dasaxlebashi-32537826,ქუთაისი,15.0,0.0,ქირავდება დღიურად 1 ოთახიანი ბინა ქუთაისში,არ არის მოწოდებული,ი. ჭავჭავაძის გამზირი,40.0,2025-07-13 18:09,ქირავდება დღიურად
https://home.ss.ge/ka/udzravi-qoneba/qiravdeba-dghiurad-2-otaxiani-bina-gabashvilis-goraze-32297397,ქუთაისი,11.0,0.0,ქირავდება დღიურად 2 ოთახიანი ბინა ქუთაისში,არ არის მოწოდებული,ი. პეტრიწის ქუჩა,50.0,2025-07-13 17:09,ქირავდება დღიურად
https://home.ss.ge/ka/udzravi-qoneba/qiravdeba-3-otaxiani-bina-gabashvilis-goraze-32611761,ქუთაისი,405.0,5.0,ქირავდება 3 ოთახიანი ბინა ქუთაისში,არ არის მოწოდებული,შ. რუსთაველის გამზირი,75.0,2025-07-13 17:09,ქირავდება თვიურად
https://home.ss.ge/ka/udzravi-qoneba/qiravdeba-dghiurad-1-otaxiani-bina-ximshiashvilis-ubanshi-6530597,ბათუმი,46.0,1.0,ქირავდება დღიურად 1 ოთახიანი ბინა ბათუმში,არ არის მოწოდებული,ფიროსმანის ქუჩა,45.0,2025-07-13 21:07,ქირავდება დღიურად
https://home.ss.ge/ka/udzravi-qoneba/iyideba-2-otaxiani-bina-aeroportis-ubanshi-32666733,ბათუმი,109000.0,1981.0,იყიდება 2 ოთახიანი ბინა ბათუმში,არ არის მოწოდებული,ლეხ და მარია კაჩინსკების ქუჩა,55.0,2025-07-13 21:04,იყიდება
https://home.ss.ge/ka/udzravi-qoneba/qiravdeba-dghiurad-1-otaxiani-bina-ximshiashvilis-ubanshi-5763700,ბათუმი,37.0,1.0,ქირავდება დღიურად 1 ოთახიანი ბინა ბათუმში,არ არის მოწოდებული,შერიფ ხიმშიაშვილის გამზირი,35.0,2025-07-13 21:03,ქირავდება დღიურად
https://home.ss.ge/ka/udzravi-qoneba/qiravdeba-dghiurad-3-otaxiani-bina-ximshiashvilis-ubanshi-32380644,ბათუმი,37.0,0.0,ქირავდება დღიურად 3 ოთახიანი ბინა ბათუმში,არ არის მოწოდებული,შერიფ ხიმშიაშვილის გამზირი,52.0,2025-07-13 21:03,ქირავდება დღიურად
https://home.ss.ge/ka/udzravi-qoneba/qiravdeba-dghiurad-2-otaxiani-bina-bagrationis-ubanshi-29624319,ბათუმი,26.0,0.0,ქირავდება დღიურად 2 ოთახიანი ბინა ბათუმში,არ არის მოწოდებული,ჰ. აბაშიძის ქუჩა,50.0,2025-07-13 21:01,ქირავდება დღიურად
https://home.ss.ge/ka/udzravi-qoneba/qiravdeba-dghiurad-3-otaxiani-bina-aeroportis-ubanshi-32631589,ბათუმი,700.0,10.0,ქირავდება დღიურად 3 ოთახიანი ბინა ბათუმში,არ არის მოწოდებული,ანგისის ქუჩის მე-3 ჩიხი,70.0,2025-07-13 20:56,ქირავდება დღიურად
https://home.ss.ge/ka/udzravi-qoneba/iyideba-2-otaxiani-bina-aeroportis-ubanshi-32666743,ბათუმი,57000.0,1727.0,იყიდება 2 ოთახიანი ბინა ბათუმში,არ არის მოწოდებული,ანგისის ქუჩის მე-3 ჩიხი,33.0,2025-07-13 20:55,იყიდება
https://home.ss.ge/ka/udzravi-qoneba/iyideba-3-otaxiani-bina-rustavelis-ubanshi-7614992,ბათუმი,83000.0,1276.0,იყიდება 3 ოთახიანი ბინა ბათუმში,არ არის მოწოდებული,ზ. გორგილაძის ქუჩა,65.0,2025-07-13 20:51,იყიდება
https://home.ss.ge/ka/udzravi-qoneba/qiravdeba-3-otaxiani-bina-aeroportis-ubanshi-32666719,ბათუმი,700.0,8.0,ქირავდება 3 ოთახიანი ბინა ბათუმში,არ არის მოწოდებული,ანგისის ქუჩის მე-3 ჩიხი,80.0,2025-07-13 20:41,ქირავდება თვიურად
https://home.ss.ge/ka/udzravi-qoneba/qiravdeba-dghiurad-2-otaxiani-bina-aghmasheneblis-ubanshi-32666679,ბათუმი,26.0,0.0,ქირავდება დღიურად 2 ოთახიანი ბინა ბათუმში,არ არის მოწოდებული,ქეთევან წამებულის ქუჩა,50.0,2025-07-13 20:41,ქირავდება დღიურად
https://home.ss.ge/ka/udzravi-qoneba/qiravdeba-dghiurad-1-otaxiani-bina-dzvel-batumshi-32666710,ბათუმი,33.0,1.0,ქირავდება დღიურად 1 ოთახიანი ბინა ბათუმში,არ არის მოწოდებული,ჭავჭავაძის ქ.,30.0,2025-07-13 20:38,ქირავდება დღიურად
https://home.ss.ge/ka/udzravi-qoneba/qiravdeba-3-otaxiani-bina-aeroportis-ubanshi-32666714,ბათუმი,700.0,10.0,ქირავდება 3 ოთახიანი ბინა ბათუმში,არ არის მოწოდებული,ანგისის ქუჩის მე-3 ჩიხი,70.0,2025-07-13 20:38,ქირავდება თვიურად
https://home.ss.ge/ka/udzravi-qoneba/qiravdeba-dghiurad-1-otaxiani-bina-aeroportis-ubanshi-32663820,ბათუმი,37.0,1.0,ქირავდება დღიურად 1 ოთახიანი ბინა ბათუმში,არ არის მოწოდებული,ფიროსმანის ქ.,34.0,2025-07-13 20:31,ქირავდება დღიურად
https://home.ss.ge/ka/udzravi-qoneba/qiravdeba-3-otaxiani-bina-kaxabris-ubanshi-32666667,ბათუმი,450.0,6.0,ქირავდება 3 ოთახიანი ბინა ბათუმში,არ არის მოწოდებული,ფრიდონ ხალვაშის მე-2 შესახვევი,70.0,2025-07-13 20:12,ქირავდება თვიურად
https://home.ss.ge/ka/udzravi-qoneba/qiravdeba-dghiurad-4-otaxiani-bina-rustavelis-ubanshi-4084671,ბათუმი,59.0,0.0,ქირავდება დღიურად 4 ოთახიანი ბინა ბათუმში,არ არის მოწოდებული,ზ. გორგილაძის ქუჩა,140.0,2025-07-13 20:09,ქირავდება დღიურად
https://home.ss.ge/ka/udzravi-qoneba/qiravdeba-dghiurad-1-otaxiani-bina-ximshiashvilis-ubanshi-32666643,ბათუმი,100.0,2.0,ქირავდება დღიურად 1 ოთახიანი ბინა ბათუმში,არ არის მოწოდებული,შერიფ ხიმშიაშვილის გამზირი,46.0,2025-07-13 20:09,ქირავდება დღიურად
https://home.ss.ge/ka/udzravi-qoneba/iyideba-1-otaxiani-bina-ximshiashvilis-ubanshi-30448299,ბათუმი,46900.0,1617.0,იყიდება 1 ოთახიანი ბინა ბათუმში,არ არის მოწოდებული,ჟ. შარტავას ქუჩა,29.3,2025-07-13 20:09,იყიდება
https://home.ss.ge/ka/udzravi-qoneba/qiravdeba-dghiurad-1-otaxiani-bina-bagrationis-ubanshi-30219758,ბათუმი,37.0,1.0,ქირავდება დღიურად 1 ოთახიანი ბინა ბათუმში,არ არის მოწოდებული,ს. ხიმშიაშვილის ქუჩა,33.0,2025-07-13 20:09,ქირავდება დღიურად
https://home.ss.ge/ka/udzravi-qoneba/qiravdeba-dghiurad-2-otaxiani-bina-bagrationis-ubanshi-32511050,ბათუმი,29.0,0.0,ქირავდება დღიურად 2 ოთახიანი ბინა ბათუმში,არ არის მოწოდებული,ა. პუშკინის ქუჩა,75.0,2025-07-13 20:09,ქირავდება დღიურად
https://home.ss.ge/ka/udzravi-qoneba/qiravdeba-dghiurad-1-otaxiani-bina-tamaris-dasaxlebashi-32296782,ბათუმი,46.0,1.0,ქირავდება დღიურად 1 ოთახიანი ბინა ბათუმში,არ არის მოწოდებული,ჟ. შარტავას ქ.,30.0,2025-07-13 20:09,ქირავდება დღიურად
https://home.ss.ge/ka/udzravi-qoneba/qiravdeba-dghiurad-1-otaxiani-bina-ximshiashvilis-ubanshi-32004299,ბათუმი,37.0,1.0,ქირავდება დღიურად 1 ოთახიანი ბინა ბათუმში,არ არის მოწოდებული,შერიფ ხიმშიაშვილის გამზირი,30.0,2025-07-13 20:09,ქირავდება დღიურად
https://home.ss.ge/ka/udzravi-qoneba/qiravdeba-dghiurad-1-otaxiani-bina-aeroportis-ubanshi-32144222,ბათუმი,29.0,0.0,ქირავდება დღიურად 1 ოთახიანი ბინა ბათუმში,არ არის მოწოდებული,ანგისის ქუჩის მე-3 ჩიხი,30.0,2025-07-13 20:09,ქირავდება დღიურად
https://home.ss.ge/ka/udzravi-qoneba/qiravdeba-2-otaxiani-bina-ximshiashvilis-ubanshi-32666650,ბათუმი,600.0,9.0,ქირავდება 2 ოთახიანი ბინა ბათუმში,არ არის მოწოდებული,შ. ინასარიძის ქუჩა,65.0,2025-07-13 20:09,ქირავდება თვიურად
https://home.ss.ge/ka/udzravi-qoneba/qiravdeba-dghiurad-3-otaxiani-bina-rustavelis-ubanshi-32666646,ბათუმი,66.0,0.0,ქირავდება დღიურად 3 ოთახიანი ბინა ბათუმში,არ არის მოწოდებული,ზ. გორგილაძის ქუჩა,75.0,2025-07-13 20:09,ქირავდება დღიურად
https://home.ss.ge/ka/udzravi-qoneba/qiravdeba-3-otaxiani-bina-dzvel-batumshi-32601831,ბათუმი,700.0,9.0,ქირავდება 3 ოთახიანი ბინა ბათუმში,არ არის მოწოდებული,ა. ყაზბეგის ქუჩა,75.0,2025-07-13 20:09,ქირავდება თვიურად
https://home.ss.ge/ka/udzravi-qoneba/qiravdeba-dghiurad-3-otaxiani-bina-rustavelis-ubanshi-32666641,ბათუმი,74.0,0.0,ქირავდება დღიურად 3 ოთახიანი ბინა ბათუმში,არ არის მოწოდებული,ზ. გორგილაძის ქუჩა,80.0,2025-07-13 20:09,ქირავდება დღიურად
https://home.ss.ge/ka/udzravi-qoneba/qiravdeba-3-otaxiani-bina-ximshiashvilis-ubanshi-32602613,ბათუმი,700.0,10.0,ქირავდება 3 ოთახიანი ბინა ბათუმში,არ არის მოწოდებული,ჟ. შარტავას ქუჩა,70.0,2025-07-13 20:09,ქირავდება თვიურად
https://home.ss.ge/ka/udzravi-qoneba/qiravdeba-3-otaxiani-bina-ximshiashvilis-ubanshi-32663854,ბათუმი,400.0,8.0,ქირავდება 3 ოთახიანი ბინა ბათუმში,არ არის მოწოდებული,ჟ. შარტავას ქუჩა,45.0,2025-07-13 20:09,ქირავდება თვიურად
https://home.ss.ge/ka/udzravi-qoneba/qiravdeba-dghiurad-4-otaxiani-bina-rustavelis-ubanshi-32666634,ბათუმი,92.0,0.0,ქირავდება დღიურად 4 ოთახიანი ბინა ბათუმში,არ არის მოწოდებული,ზ. გორგილაძის ქუჩა,100.0,2025-07-13 20:09,ქირავდება დღიურად
https://home.ss.ge/ka/udzravi-qoneba/qiravdeba-3-otaxiani-bina-aeroportis-ubanshi-32666635,ბათუმი,1000.0,11.0,ქირავდება 3 ოთახიანი ბინა ბათუმში,არ არის მოწოდებული,ფიროსმანის ქ.,90.0,2025-07-13 20:09,ქირავდება თვიურად
